Date,BTC_USD,USD_Index,TLT,HYG,US10Y_Yield,VIX,Nasdaq100,SP500
2021-08-12,44423,93.03,146.24,87.27,1.36,15.59,15088.98,4460.80
2021-08-13,47842,92.52,148.55,87.46,1.29,15.45,15136.68,4468.00
2021-08-16,45940,92.63,148.91,87.49,1.26,16.12,15140.77,4479.70
2021-08-17,44698,93.13,148.85,87.29,1.26,17.91,15002.83,4448.10
2021-08-18,44744,93.14,149.35,87.09,1.27,21.57,14857.92,4400.30
2021-08-19,46765,93.57,150.45,87.08,1.24,21.67,14933.93,4405.80
2021-08-20,49332,93.50,150.55,87.29,1.26,18.56,15092.57,4441.70
2021-08-23,49539,92.96,150.45,87.56,1.25,17.15,15312.82,4479.50
2021-08-24,47714,92.89,149.28,87.68,1.29,17.22,15357.68,4486.20
2021-08-25,48989,92.83,148.04,87.77,1.35,16.79,15368.92,4496.20
2021-08-26,46832,93.06,148.45,87.72,1.34,18.84,15278.52,4470.00
2021-08-27,49076,92.69,149.46,87.96,1.31,16.39,15432.95,4509.40
2021-08-30,47008,92.65,149.85,88.07,1.29,16.19,15605.09,4528.80
2021-08-31,47157,92.63,148.83,88.09,1.30,16.48,15582.51,4522.70
2021-09-01,48844,92.45,148.89,87.89,1.31,16.11,15611.57,4524.10
2021-09-02,49291,92.22,149.54,88.00,1.29,16.41,15604.25,4536.90
2021-09-03,50000,92.03,148.18,88.01,1.33,16.41,15652.86,4535.40
2021-09-07,46778,92.51,146.93,87.78,1.38,18.14,15675.76,4520.00
2021-09-08,46088,92.65,147.93,87.88,1.35,17.96,15620.85,4514.10
2021-09-09,46389,92.48,149.72,87.96,1.30,18.80,15561.05,4493.30
2021-09-10,44852,92.58,148.40,87.83,1.35,20.95,15440.75,4458.60
2021-09-13,44960,92.67,149.30,88.05,1.33,19.37,15434.50,4468.70
2021-09-14,47078,92.62,151.11,88.01,1.28,19.46,15382.90,4443.10
2021-09-15,48136,92.55,150.58,88.14,1.31,18.18,15503.53,4480.70
2021-09-16,47786,92.93,149.89,88.11,1.34,18.69,15515.91,4473.80
2021-09-17,47292,93.19,149.17,88.00,1.37,20.81,15333.47,4433.00
2021-09-20,43002,93.28,151.02,87.69,1.31,25.71,15012.18,4357.70
2021-09-21,40664,93.20,150.89,87.84,1.33,24.36,15027.77,4354.20
2021-09-22,43583,93.46,151.79,88.00,1.32,20.87,15176.51,4395.60
2021-09-23,44882,93.03,148.36,88.04,1.41,18.63,15316.58,4449.00
2021-09-24,42878,93.33,146.91,87.91,1.47,17.75,15329.68,4455.50
2021-09-27,42191,93.38,146.37,87.83,1.48,18.76,15204.83,4443.10
2021-09-28,41064,93.77,144.09,87.43,1.54,23.25,14770.30,4352.60
2021-09-29,41551,94.34,144.34,87.59,1.55,22.56,14752.89,4359.50
2021-09-30,43830,94.23,144.32,87.49,1.52,23.14,14689.62,4307.50
2021-10-01,48157,94.03,145.35,87.41,1.48,21.15,14791.87,4357.00
2021-10-04,49252,93.78,144.98,87.10,1.49,22.96,14472.12,4300.50
2021-10-05,51508,93.97,143.58,87.06,1.54,21.30,14674.15,4345.70
2021-10-06,55331,94.27,144.39,87.01,1.53,21.00,14766.75,4363.60
2021-10-07,53793,94.22,142.88,87.02,1.58,19.54,14897.13,4399.80
2021-10-08,53925,94.07,141.88,86.76,1.61,18.77,14820.75,4391.30
2021-10-11,57468,94.32,141.52,86.49,1.61,20.00,14713.73,4361.20
2021-10-12,55967,94.52,143.94,86.65,1.59,19.85,14662.11,4350.60
2021-10-13,57381,94.08,145.34,86.88,1.56,18.64,14774.60,4363.80
2021-10-14,57354,93.96,145.88,87.37,1.52,16.86,15052.42,4438.30
2021-10-15,61709,93.94,145.03,87.22,1.59,16.30,15146.92,4471.40
2021-10-18,62034,93.95,145.71,87.18,1.59,16.31,15300.89,4486.50
2021-10-19,64237,93.73,143.70,87.24,1.65,15.70,15410.72,4519.60
2021-10-20,65988,93.56,142.73,87.27,1.65,15.49,15388.71,4536.20
2021-10-21,62200,93.77,142.56,87.05,1.68,15.01,15489.59,4549.80
2021-10-22,60708,93.64,144.13,86.84,1.66,15.43,15355.07,4544.90
2021-10-25,63100,93.81,143.91,86.99,1.64,15.24,15514.19,4566.50
2021-10-26,60290,93.95,145.10,87.01,1.63,15.98,15559.49,4574.80
2021-10-27,58453,93.80,147.74,86.94,1.54,16.98,15598.39,4551.70
2021-10-28,60598,93.34,147.24,87.16,1.57,16.53,15778.16,4596.40
2021-10-29,62235,94.12,147.69,86.93,1.55,16.26,15850.47,4605.40
2021-11-01,60927,93.88,146.44,86.56,1.58,16.41,15905.28,4613.70
2021-11-02,63249,94.09,147.09,86.77,1.56,16.03,15972.49,4630.60
2021-11-03,62904,93.86,145.57,86.94,1.60,15.10,16144.50,4660.60
2021-11-04,61423,94.35,147.10,87.17,1.53,15.44,16346.24,4680.10
2021-11-05,61016,94.32,149.30,87.50,1.45,16.48,16359.38,4697.50
2021-11-08,67526,94.05,149.02,87.39,1.51,17.22,16336.03,4701.70
2021-11-09,66935,93.95,150.96,87.46,1.46,17.78,16219.93,4685.20
2021-11-10,64954,94.85,148.20,86.97,1.56,18.73,15985.57,4646.70
2021-11-11,64801,95.18,147.98,86.82,1.56,17.66,16032.47,4649.30
2021-11-12,64156,95.13,147.33,86.85,1.58,16.29,16199.89,4682.90
2021-11-15,63562,95.41,145.48,86.75,1.63,16.49,16189.11,4682.80
2021-11-16,60124,95.92,145.11,86.79,1.63,16.37,16309.77,4700.90
2021-11-17,60386,95.83,146.26,86.70,1.60,17.11,16308.07,4688.70
2021-11-18,57014,95.54,146.81,86.63,1.59,17.59,16482.97,4704.50
2021-11-19,58130,96.03,148.36,86.56,1.54,17.91,16573.34,4698.00
2021-11-22,56299,96.55,146.62,86.23,1.63,19.17,16380.98,4682.90
2021-11-23,57602,96.49,144.50,86.11,1.67,19.38,16306.72,4690.70
2021-11-24,57209,96.88,146.82,86.09,1.64,18.58,16367.81,4701.50
2021-11-26,53738,96.09,150.53,85.47,1.48,28.62,16025.58,4594.60
2021-11-29,57845,96.34,149.32,86.00,1.52,22.96,16399.24,4655.30
2021-11-30,56938,95.99,151.59,85.64,1.43,27.19,16135.92,4567.00
2021-12-01,57250,96.03,152.34,85.37,1.43,31.12,15877.72,4513.00
2021-12-02,56517,96.16,152.53,86.00,1.44,27.95,15990.76,4577.10
2021-12-03,53709,96.12,154.35,86.00,1.35,30.67,15712.04,4538.40
2021-12-06,50567,96.33,152.23,86.38,1.43,27.18,15846.16,4591.70
2021-12-07,50634,96.37,151.00,86.84,1.48,21.89,16325.66,4686.80
2021-12-08,50503,95.89,148.39,86.82,1.52,19.90,16394.34,4701.20
2021-12-09,47611,96.27,149.22,86.43,1.49,21.58,16149.57,4667.40
2021-12-10,47170,96.10,148.86,86.63,1.48,18.69,16331.98,4712.00
2021-12-13,46777,96.32,151.06,86.63,1.42,20.31,16082.55,4669.00
2021-12-14,48408,96.57,150.70,86.48,1.44,21.89,15914.90,4634.10
2021-12-15,48901,96.51,149.25,86.81,1.47,19.29,16289.59,4709.90
2021-12-16,47675,96.04,149.14,86.45,1.44,20.57,15863.94,4668.70
2021-12-17,46193,96.56,150.83,86.37,1.41,21.57,15801.46,4620.60
2021-12-20,46898,96.55,149.70,86.22,1.43,22.87,15627.64,4568.00
2021-12-21,48923,96.49,149.13,86.68,1.48,21.01,15986.28,4649.20
2021-12-22,48626,96.08,149.82,86.91,1.46,18.63,16180.14,4696.60
2021-12-23,50812,96.02,148.52,87.16,1.50,17.96,16308.21,4725.80
2021-12-27,50684,96.09,148.88,87.25,1.48,17.68,16567.50,4791.20
2021-12-28,47554,96.20,148.29,87.21,1.49,17.54,16488.66,4786.40
2021-12-29,46465,95.93,146.67,87.07,1.55,16.95,16491.01,4793.10
2021-12-30,47156,95.97,147.90,87.03,1.52,17.33,16429.10,4778.70
2021-12-31,46218,95.97,148.19,87.01,1.52,17.22,16320.08,4766.20
2022-01-03,46445,96.21,144.30,86.97,1.63,16.60,16501.77,4796.60
2022-01-04,45830,96.26,143.70,86.75,1.66,16.91,16279.73,4793.50
2022-01-05,43418,96.17,142.92,86.08,1.71,19.73,15771.77,4700.60
2022-01-06,43111,96.32,143.29,86.09,1.73,19.61,15765.36,4696.10
2022-01-07,41518,95.72,142.26,85.87,1.76,18.76,15592.19,4677.00
2022-01-10,41839,95.99,142.61,85.94,1.78,19.40,15614.43,4670.30
2022-01-11,42743,95.62,143.56,86.34,1.75,18.41,15844.12,4713.10
2022-01-12,43909,94.92,143.01,86.48,1.74,17.62,15905.10,4726.40
2022-01-13,42562,94.79,144.28,86.17,1.70,20.31,15495.62,4659.00
2022-01-14,43091,95.17,142.10,86.09,1.78,19.19,15611.59,4662.90
2022-01-18,42390,95.73,140.10,85.67,1.87,22.79,15210.76,4577.10
2022-01-19,41676,95.51,141.07,85.59,1.83,23.85,15047.84,4532.80
2022-01-20,40740,95.73,141.94,85.43,1.83,25.59,14846.46,4482.70
2022-01-21,36501,95.64,143.63,85.44,1.75,28.85,14438.40,4397.90
2022-01-24,36702,95.92,142.45,85.35,1.75,29.90,14509.58,4410.10
2022-01-25,36994,95.95,142.22,85.10,1.78,31.16,14149.12,4356.40
2022-01-26,36831,96.39,140.50,84.81,1.85,31.96,14172.76,4349.90
2022-01-27,37217,97.25,143.08,84.44,1.81,30.49,14003.11,4326.50
2022-01-28,37760,97.27,143.13,84.68,1.78,27.66,14454.61,4431.90
2022-01-31,38526,96.54,142.39,84.70,1.79,24.83,14930.05,4515.60
2022-02-01,38733,96.39,141.72,84.73,1.81,21.96,15019.68,4546.50
2022-02-02,36925,95.94,142.20,84.86,1.78,22.09,15139.74,4589.40
2022-02-03,37331,95.38,141.09,84.10,1.82,24.35,14501.11,4477.40
2022-02-04,41563,95.48,139.01,83.77,1.93,23.22,14694.35,4500.50
2022-02-07,43865,95.40,139.10,83.71,1.92,22.86,14571.25,4483.90
2022-02-08,44061,95.64,138.17,83.62,1.96,21.44,14747.03,4521.50
2022-02-09,44432,95.49,138.43,84.06,1.94,19.96,15056.96,4587.20
2022-02-10,43545,95.55,136.23,82.95,2.03,23.91,14705.64,4504.10
2022-02-11,42418,96.08,138.25,82.66,1.92,27.36,14253.84,4418.64
2022-02-14,42560,96.37,136.53,82.52,1.98,28.33,14268.59,4401.67
2022-02-15,44560,95.99,134.98,82.66,2.05,25.70,14620.82,4471.07
2022-02-16,43885,95.70,135.78,83.12,2.03,24.29,14603.64,4475.01
2022-02-17,40556,95.80,136.79,82.77,1.97,28.11,14171.74,4380.26
2022-02-18,40037,96.04,138.23,82.89,1.92,27.75,14009.54,4348.87
2022-02-22,38299,96.03,138.59,82.70,1.94,28.81,13870.53,4304.76
2022-02-23,37292,96.19,136.68,82.55,1.99,31.02,13509.43,4225.50
2022-02-24,38380,97.14,136.77,83.14,1.96,30.32,13974.67,4288.70
2022-02-25,39243,96.61,136.87,83.61,1.97,27.59,14189.16,4384.65
2022-02-28,43202,96.71,139.87,83.67,1.83,30.15,14237.81,4373.94
2022-03-01,44442,97.41,141.30,83.13,1.72,33.32,14005.99,4306.26
2022-03-02,43952,97.39,136.47,83.33,1.86,30.74,14243.69,4386.54
2022-03-03,42490,97.78,137.86,83.08,1.86,30.48,14035.21,4363.49
2022-03-04,39171,98.65,140.24,82.54,1.74,31.98,13837.83,4328.87
2022-03-07,38039,99.29,139.17,81.82,1.78,36.45,13319.38,4201.09
2022-03-08,38757,99.06,137.77,81.53,1.86,35.13,13267.60,4170.70
2022-03-09,41962,97.97,136.42,82.21,1.94,32.45,13742.20,4277.88
2022-03-10,39459,98.51,134.46,81.52,1.98,30.23,13591.00,4259.52
2022-03-11,38737,99.12,134.91,80.93,2.00,30.75,13301.83,4204.31
2022-03-14,39717,99.00,131.76,79.97,2.14,31.77,13046.64,4173.11
2022-03-15,39317,99.10,131.53,80.57,2.15,29.83,13458.56,4262.45
2022-03-16,41148,98.62,132.82,81.70,2.19,26.67,13956.78,4357.86
2022-03-17,40943,97.97,131.83,82.26,2.20,25.67,14118.60,4411.67
2022-03-18,41774,98.23,133.44,82.53,2.14,23.87,14420.08,4463.12
2022-03-21,41031,98.50,130.35,81.58,2.32,23.53,14376.09,4461.18
2022-03-22,42370,98.49,128.68,82.00,2.38,22.94,14654.33,4511.61
2022-03-23,42882,98.62,131.50,81.74,2.32,23.57,14447.55,4456.24
2022-03-24,44003,98.79,130.47,81.91,2.34,21.67,14765.69,4520.16
2022-03-25,44337,98.79,128.66,81.32,2.48,20.81,14754.31,4543.06
2022-03-28,47105,99.09,129.76,81.83,2.46,19.63,14987.40,4575.52
2022-03-29,47424,98.40,130.74,82.84,2.41,18.90,15239.32,4631.60
2022-03-30,47035,97.79,131.76,82.59,2.35,19.33,15071.55,4602.45
2022-03-31,45535,98.31,132.08,82.29,2.32,20.56,14838.49,4530.41
2022-04-01,46301,98.63,132.38,81.95,2.39,19.63,14861.21,4545.86
2022-04-04,46611,99.00,131.46,82.57,2.42,18.57,15159.58,4582.64
2022-04-05,45481,99.47,128.49,81.50,2.54,21.03,14820.64,4525.12
2022-04-06,43199,99.60,127.45,80.86,2.61,22.10,14498.89,4481.15
2022-04-07,43458,99.75,126.49,80.73,2.66,21.55,14531.81,4500.21
2022-04-08,42277,99.80,125.12,80.24,2.72,21.16,14327.26,4488.28
2022-04-11,39565,99.93,123.14,79.69,2.79,24.37,13990.20,4412.53
2022-04-12,40087,100.29,122.97,80.30,2.72,24.26,13940.24,4397.45
2022-04-13,41155,99.88,123.22,80.78,2.70,21.82,14217.29,4446.59
2022-04-14,39948,100.32,120.75,80.24,2.83,22.70,13893.22,4392.59
2022-04-18,40821,100.78,120.15,80.11,2.85,22.17,13910.76,4391.69
2022-04-19,41517,100.96,119.25,80.04,2.93,21.37,14210.26,4462.21
2022-04-20,41366,100.39,121.65,80.29,2.85,20.32,13998.53,4459.45
2022-04-21,40502,100.58,120.75,79.74,2.90,22.68,13720.45,4393.66
2022-04-22,39724,101.22,119.99,79.26,2.90,28.21,13356.87,4271.78
2022-04-25,40456,101.75,121.19,79.93,2.81,27.02,13533.22,4296.12
2022-04-26,38139,102.30,122.41,79.46,2.77,33.52,13009.71,4175.20
2022-04-27,39263,102.95,120.84,79.07,2.82,31.60,13003.36,4183.96
2022-04-28,39758,103.62,121.02,79.51,2.85,29.99,13456.06,4287.50
2022-04-29,38600,102.96,119.45,78.53,2.89,33.40,12854.80,4131.93
2022-05-02,38520,103.74,117.18,78.23,2.99,32.34,13075.85,4155.38
2022-05-03,37751,103.47,117.97,78.64,2.97,29.25,13089.90,4175.48
2022-05-04,39701,102.59,118.62,79.44,2.93,25.42,13535.71,4300.17
2022-05-05,36577,103.75,115.37,78.03,3.05,31.20,12850.55,4146.87
2022-05-06,36040,103.66,113.67,77.59,3.12,30.19,12693.53,4123.34
2022-05-09,30158,103.65,114.67,76.77,3.05,34.75,12187.72,3991.24
2022-05-10,31050,103.92,115.71,77.21,2.99,32.99,12345.86,4001.05
2022-05-11,29095,103.85,117.94,76.75,2.91,32.56,11967.56,3935.18
2022-05-12,29090,104.85,117.72,76.72,2.84,31.77,11945.50,3930.08
2022-05-13,29306,104.56,115.98,76.81,2.93,28.87,12387.40,4023.89
2022-05-16,29854,104.19,115.86,76.70,2.88,27.47,12243.58,4008.01
2022-05-17,30442,103.36,114.46,76.63,2.98,26.10,12564.10,4088.85
2022-05-18,28680,103.81,116.90,76.00,2.89,30.96,11928.31,3923.68
2022-05-19,30329,102.72,117.18,76.51,2.84,29.35,11875.63,3900.79
2022-05-20,29202,103.15,118.51,76.46,2.78,29.43,11835.62,3901.36
2022-05-23,29091,102.08,116.56,76.76,2.86,28.48,12034.28,3973.75
2022-05-24,29647,101.86,118.86,77.22,2.76,29.45,11769.84,3941.48
2022-05-25,29524,102.06,119.33,78.39,2.75,28.37,11943.93,3978.73
2022-05-26,29213,101.83,118.79,79.48,2.75,27.50,12276.79,4057.84
2022-05-27,28609,101.67,119.08,80.19,2.74,25.72,12681.42,4158.24
2022-05-31,31792,101.75,116.56,79.50,2.85,26.19,12642.10,4132.15
2022-06-01,29832,102.50,116.22,78.90,2.94,25.69,12548.36,4101.23
2022-06-02,30478,101.82,116.28,79.23,2.92,24.72,12892.89,4176.82
2022-06-03,29730,102.14,116.03,78.64,2.96,24.79,12548.02,4108.54
2022-06-06,31371,102.44,113.89,78.05,3.04,25.07,12599.63,4121.43
2022-06-07,31149,102.32,115.12,78.23,2.98,24.02,12711.67,4160.68
2022-06-08,30230,102.54,114.10,77.56,3.03,23.96,12615.13,4115.77
2022-06-09,30112,103.22,114.48,76.94,3.04,26.09,12269.78,4017.82
2022-06-10,29103,104.15,113.77,75.63,3.15,27.75,11832.82,3900.86
2022-06-13,22487,105.08,110.20,73.10,3.43,34.02,11288.32,3749.63
2022-06-14,22172,105.52,108.81,73.58,3.49,32.69,11311.69,3735.48
2022-06-15,22594,105.16,110.84,75.01,3.33,29.62,11593.77,3789.99
2022-06-16,20394,103.63,111.72,73.82,3.28,32.95,11127.57,3666.77
2022-06-17,20411,104.70,112.08,74.05,3.25,31.13,11265.99,3674.84
2022-06-21,20693,104.44,110.18,74.00,3.31,30.19,11546.76,3764.79
2022-06-22,19943,104.20,113.21,73.98,3.16,28.95,11527.71,3759.89
2022-06-23,21071,104.43,114.14,74.51,3.09,29.05,11697.68,3795.73
2022-06-24,21229,104.19,112.56,75.04,3.13,27.23,12105.85,3911.74
2022-06-27,20718,103.94,111.60,74.58,3.20,26.95,12008.24,3900.11
2022-06-28,20267,104.51,112.12,73.76,3.20,28.36,11637.77,3821.55
2022-06-29,20107,105.11,113.87,73.65,3.10,28.16,11658.26,3818.83
2022-06-30,19938,104.69,114.87,73.61,2.98,28.71,11503.72,3785.38
2022-07-01,19286,105.14,115.82,73.98,2.88,26.70,11585.68,3825.33
2022-07-05,20169,106.53,116.73,73.91,2.82,27.54,11779.91,3831.39
2022-07-06,20557,107.10,114.77,73.63,2.93,26.73,11852.59,3845.08
2022-07-07,21620,107.13,113.76,74.83,3.01,26.08,12109.05,3902.62
2022-07-08,21600,107.01,112.50,74.89,3.09,24.64,12125.69,3899.38
2022-07-11,19945,108.02,114.44,74.47,2.99,26.17,11860.28,3854.43
2022-07-12,19311,108.07,115.12,74.77,2.96,27.29,11744.99,3818.80
2022-07-13,20246,107.96,116.44,74.69,2.91,26.82,11728.53,3801.78
2022-07-14,20578,108.54,115.49,74.55,2.96,26.40,11768.40,3790.38
2022-07-15,20816,108.06,116.14,75.50,2.93,24.23,11983.62,3863.16
2022-07-18,22476,107.37,114.93,74.77,2.96,25.30,11877.50,3830.85
2022-07-19,23398,106.68,114.31,75.76,3.01,24.50,12249.42,3936.69
2022-07-20,23209,107.08,114.61,76.09,3.04,23.88,12439.68,3959.90
2022-07-21,23152,106.91,116.59,76.99,2.91,23.11,12619.41,3998.95
2022-07-22,22676,106.73,118.55,76.89,2.77,23.03,12396.47,3961.63
2022-07-25,21303,106.48,117.39,76.87,2.81,23.36,12328.41,3966.84
2022-07-26,21271,107.19,117.48,76.33,2.81,24.69,12086.90,3921.05
2022-07-27,22951,106.45,116.82,77.17,2.78,23.24,12601.47,4023.61
2022-07-28,23852,106.35,117.75,77.96,2.68,22.33,12717.87,4072.43
2022-07-29,23764,105.90,117.43,78.19,2.67,21.33,12947.98,4130.29
2022-08-01,23259,105.45,120.04,77.91,2.60,22.84,12940.78,4118.63
2022-08-02,22984,106.24,117.50,77.55,2.75,23.93,12901.60,4091.19
2022-08-03,22814,106.51,119.35,78.23,2.73,21.95,13253.26,4155.17
2022-08-04,22612,105.69,119.31,78.44,2.68,21.44,13311.04,4151.94
2022-08-05,23311,106.62,116.47,78.04,2.83,21.15,13207.69,4145.19
2022-08-08,23817,106.44,118.35,78.11,2.77,21.29,13159.16,4140.06
2022-08-09,23141,106.37,117.89,77.53,2.80,21.77,13008.17,4122.47
2022-08-10,23954,105.20,117.12,78.69,2.78,19.74,13378.32,4210.24
2022-08-11,23932,105.09,114.39,78.24,2.87,20.20,13291.99,4207.27
2022-08-12,24395,105.63,115.55,78.94,2.84,19.53,13565.87,4280.15
2022-08-15,24094,106.55,115.45,78.80,2.79,19.95,13667.18,4297.14
2022-08-16,23856,106.50,115.93,78.43,2.82,19.69,13635.21,4305.20
2022-08-17,23335,106.57,114.72,77.62,2.89,19.90,13470.86,4274.04
2022-08-18,23197,107.48,114.89,77.74,2.88,19.56,13505.99,4283.74
2022-08-19,20839,108.17,113.04,76.95,2.98,20.60,13242.90,4228.48
2022-08-22,21395,109.05,112.66,76.08,3.03,23.80,12890.54,4137.99
2022-08-23,21527,108.62,112.04,76.27,3.05,24.11,12881.79,4128.73
2022-08-24,21366,108.68,111.22,76.36,3.11,22.82,12917.86,4140.77
2022-08-25,21563,108.47,112.77,77.08,3.03,21.78,13143.58,4199.12
2022-08-26,20258,108.80,113.62,75.81,3.04,25.56,12605.17,4057.66
2022-08-29,20308,108.83,112.68,75.52,3.12,26.21,12484.32,4030.61
2022-08-30,19812,108.77,112.96,74.94,3.11,26.21,12342.70,3986.16
2022-08-31,20058,108.70,111.88,74.53,3.15,25.87,12272.03,3955.00
2022-09-01,20134,109.69,109.60,74.36,3.26,25.56,12274.62,3966.85
2022-09-02,19973,109.53,110.22,74.31,3.20,25.47,12098.44,3924.26
2022-09-06,18790,110.21,107.49,74.11,3.33,26.91,12011.31,3908.19
2022-09-07,19280,109.84,109.19,75.18,3.27,24.64,12259.39,3979.87
2022-09-08,19322,109.71,108.07,75.51,3.29,23.61,12321.19,4006.18
2022-09-09,21375,109.00,108.31,75.81,3.33,22.79,12588.29,4067.36
2022-09-12,22395,108.33,107.42,76.04,3.37,23.87,12739.72,4110.41
2022-09-13,20181,109.81,107.67,74.31,3.42,27.27,12033.62,3932.69
2022-09-14,20231,109.66,108.04,74.42,3.41,26.16,12134.40,3946.01
2022-09-15,19717,109.74,107.97,73.95,3.45,26.27,11927.49,3901.35
2022-09-16,19810,109.76,107.07,74.20,3.45,26.30,11861.38,3873.33
2022-09-19,19545,109.74,107.32,74.48,3.49,25.76,11953.27,3899.89
2022-09-20,18887,110.22,106.25,73.72,3.57,27.16,11851.54,3855.93
2022-09-21,18477,110.64,108.03,73.50,3.51,27.99,11637.79,3789.93
2022-09-22,19413,111.35,105.27,73.06,3.70,27.35,11501.65,3757.99
2022-09-23,19299,113.19,105.70,72.13,3.69,29.92,11311.24,3693.23
2022-09-26,19230,114.10,103.68,71.28,3.88,32.26,11254.11,3655.04
2022-09-27,19097,114.11,100.95,71.13,3.97,32.60,11271.75,3647.29
2022-09-28,19419,112.60,104.33,72.40,3.72,30.18,11493.83,3719.04
2022-09-29,19588,112.25,103.79,71.72,3.76,31.84,11164.78,3640.47
2022-09-30,19430,112.12,102.45,71.39,3.83,31.62,10971.22,3585.62
2022-10-03,19638,111.75,103.83,71.97,3.67,30.10,11229.73,3678.43
2022-10-04,20340,110.06,103.54,73.52,3.62,29.07,11582.54,3790.93
2022-10-05,20156,111.07,102.55,73.23,3.76,28.55,11573.18,3783.28
2022-10-06,19957,112.26,101.98,73.01,3.83,30.52,11485.50,3744.52
2022-10-07,19533,112.80,100.99,72.12,3.89,31.36,11039.47,3639.66
2022-10-10,19128,113.14,99.42,71.24,3.89,32.45,10926.97,3612.39
2022-10-11,19062,113.22,99.86,71.46,3.93,33.63,10791.35,3588.84
2022-10-12,19158,113.32,100.35,71.58,3.91,33.57,10785.61,3577.03
2022-10-13,19387,112.36,99.39,71.74,3.97,31.94,11033.58,3669.91
2022-10-14,19187,113.31,98.57,71.51,4.00,32.02,10692.06,3583.07
2022-10-17,19554,112.04,98.09,72.39,4.02,31.37,11062.53,3677.95
2022-10-18,19334,112.13,98.32,72.90,4.01,30.50,11147.74,3719.98
2022-10-19,19132,112.98,96.53,72.20,4.14,30.76,11103.38,3695.16
2022-10-20,19057,112.88,94.88,71.80,4.24,29.98,11046.71,3665.78
2022-10-21,19175,112.01,93.17,72.49,4.21,29.69,11310.33,3752.75
2022-10-24,19340,111.99,92.40,72.54,4.25,29.85,11430.26,3797.34
2022-10-25,20104,110.95,95.09,73.24,4.10,28.46,11669.99,3859.11
2022-10-26,20788,109.70,96.46,73.44,4.04,27.28,11405.90,3830.60
2022-10-27,20303,110.59,97.47,73.98,3.96,27.39,11191.63,3807.30
2022-10-28,20611,110.75,96.80,74.55,4.02,25.75,11546.21,3901.06
2022-10-31,20509,111.53,96.11,73.43,4.10,25.88,11405.57,3871.98
2022-11-01,20500,111.48,96.77,73.59,4.07,25.81,11288.95,3856.10
2022-11-02,20168,111.34,96.35,72.92,4.10,25.86,10906.34,3759.69
2022-11-03,20223,112.93,95.83,72.40,4.14,25.30,10690.60,3719.89
2022-11-04,21168,110.88,94.22,72.90,4.17,24.55,10857.03,3770.55
2022-11-07,20610,110.12,93.28,72.89,4.22,24.35,10977.00,3806.80
2022-11-08,18557,109.64,94.30,72.82,4.14,25.54,11059.50,3828.11
2022-11-09,15907,110.55,94.61,71.95,4.12,26.09,10797.55,3748.57
2022-11-10,17579,108.21,98.25,74.19,3.82,23.53,11605.96,3956.37
2022-11-11,17045,106.29,97.89,74.45,3.82,22.52,11817.01,3992.93
2022-11-14,16627,106.66,97.65,73.90,3.88,23.73,11700.94,3957.25
2022-11-15,16886,106.40,99.23,74.55,3.80,24.54,11871.15,3991.73
2022-11-16,16531,106.28,101.40,74.39,3.67,24.11,11699.09,3958.79
2022-11-17,16705,106.69,100.33,74.07,3.77,23.93,11676.86,3946.56
2022-11-18,16634,106.93,99.64,74.23,3.82,23.12,11677.02,3965.34
2022-11-21,15766,107.83,100.06,74.20,3.83,22.36,11553.45,3949.94
2022-11-22,16215,107.22,101.48,74.74,3.76,21.29,11724.84,4003.58
2022-11-23,16619,106.08,103.25,75.16,3.71,20.35,11838.72,4027.26
2022-11-25,16519,105.96,102.90,75.01,3.68,20.50,11756.03,4026.12
2022-11-28,16215,106.68,103.19,74.22,3.69,22.21,11587.75,3963.94
2022-11-29,16452,106.82,101.98,74.54,3.75,21.89,11503.45,3957.63
2022-11-30,17182,105.95,102.73,75.66,3.68,20.58,12030.06,4080.11
2022-12-01,16980,104.73,105.76,75.62,3.53,19.84,12041.90,4076.57
2022-12-02,17091,104.55,107.09,75.56,3.51,19.06,11994.26,4071.70
2022-12-05,16974,105.29,105.59,74.84,3.60,20.75,11786.80,3998.84
2022-12-06,17096,105.58,106.95,74.57,3.51,22.17,11549.68,3941.26
2022-12-07,16844,105.10,109.47,74.98,3.42,22.68,11497.39,3933.92
2022-12-08,17246,104.77,109.17,75.04,3.48,22.29,11637.50,3963.51
2022-12-09,17135,104.81,106.33,75.04,3.57,22.83,11563.33,3934.38
2022-12-12,17228,105.13,106.67,75.33,3.61,25.00,11706.44,3990.56
2022-12-13,17785,103.98,107.70,76.11,3.51,22.55,11834.21,4019.65
2022-12-14,17810,103.77,108.16,75.68,3.49,21.14,11740.92,3995.32
2022-12-15,17372,104.56,108.32,75.00,3.44,22.83,11345.22,3895.75
2022-12-16,16642,104.70,107.11,74.60,3.48,22.62,11243.72,3852.36
2022-12-19,16448,104.72,105.31,74.22,3.57,22.42,11084.59,3817.66
2022-12-20,16925,103.97,103.44,74.03,3.69,21.48,11072.42,3821.62
2022-12-21,16845,104.16,103.70,74.66,3.68,20.07,11235.88,3878.44
2022-12-22,16838,104.43,103.68,74.20,3.67,21.97,10956.14,3822.39
2022-12-23,16802,104.31,102.16,74.39,3.75,20.87,10985.45,3844.82
2022-12-27,16719,104.18,100.14,73.62,3.84,21.65,10822.51,3829.25
2022-12-28,16558,104.46,99.55,72.63,3.88,22.14,10679.34,3783.22
2022-12-29,16658,103.84,100.68,73.57,3.83,21.44,10951.05,3849.28
2022-12-30,16618,103.52,99.56,73.63,3.88,21.67,10939.76,3839.50
2023-01-03,16689,104.52,101.46,73.77,3.79,22.90,10862.64,3824.14
2023-01-04,16868,104.25,102.85,74.62,3.69,22.01,10914.80,3852.97
2023-01-05,16842,105.04,103.28,74.47,3.71,22.46,10741.22,3808.10
2023-01-06,16967,103.88,105.18,75.53,3.55,21.13,11040.35,3895.08
2023-01-09,17188,103.00,105.74,75.80,3.53,21.97,11108.45,3892.09
2023-01-10,17445,103.24,103.99,75.71,3.61,20.58,11205.78,3919.25
2023-01-11,17946,103.19,105.68,76.21,3.54,21.09,11402.53,3969.61
2023-01-12,18857,102.25,107.76,76.64,3.43,18.83,11459.61,3983.17
2023-01-13,19933,102.20,106.75,76.64,3.49,18.35,11541.48,3999.09
2023-01-17,21136,102.39,106.06,76.38,3.53,19.36,11557.19,3990.97
2023-01-18,20678,102.36,108.63,76.47,3.37,20.34,11410.29,3928.86
2023-01-19,21080,102.06,107.95,76.02,3.39,20.52,11295.67,3898.85
2023-01-20,22672,102.01,106.20,76.17,3.48,19.85,11619.03,3972.61
2023-01-23,22910,102.14,105.70,76.16,3.52,19.81,11872.54,4019.81
2023-01-24,22627,101.92,107.22,76.21,3.46,19.20,11846.64,4016.95
2023-01-25,23045,101.64,107.48,76.20,3.46,19.08,11814.69,4016.22
2023-01-26,23004,101.84,106.98,76.39,3.49,18.73,12051.48,4060.43
2023-01-27,23067,101.93,106.71,76.16,3.52,18.51,12166.60,4070.56
2023-01-30,22837,102.28,106.32,75.74,3.55,19.94,11912.39,4017.77
2023-01-31,23135,102.10,107.17,76.33,3.52,19.40,12101.93,4076.60
2023-02-01,23723,101.22,108.18,76.76,3.39,17.87,12363.10,4119.21
2023-02-02,23485,101.75,108.32,77.20,3.40,18.73,12803.14,4179.76
2023-02-03,23433,102.92,106.70,76.39,3.53,18.33,12573.36,4136.48
2023-02-06,22755,103.62,105.91,75.90,3.63,19.43,12464.51,4111.08
2023-02-07,23251,103.43,105.06,76.17,3.67,18.66,12728.27,4164.00
2023-02-08,22959,103.41,105.56,75.85,3.63,19.63,12495.38,4117.86
2023-02-09,21800,103.22,104.56,75.36,3.67,20.71,12381.17,4081.50
2023-02-10,21643,103.63,103.39,74.78,3.74,20.53,12304.92,4090.46
2023-02-13,21773,103.34,104.26,74.97,3.72,20.34,12502.31,4137.29
2023-02-14,22198,103.23,104.02,74.99,3.77,18.91,12590.89,4136.13
2023-02-15,24318,103.92,103.05,74.87,3.81,18.23,12687.89,4147.60
2023-02-16,23535,103.86,101.59,74.27,3.86,20.17,12442.48,4090.41
2023-02-17,24579,103.86,102.38,74.56,3.82,20.02,12358.18,4079.09
2023-02-21,24460,104.18,100.39,73.41,3.95,22.87,12060.30,3997.34
2023-02-22,24186,104.58,101.31,73.89,3.93,22.29,12066.27,3991.05
2023-02-23,23947,104.60,102.30,74.62,3.88,21.14,12180.14,4012.32
2023-02-24,23201,105.21,100.97,74.17,3.95,21.67,11969.65,3970.04
2023-02-27,23504,104.67,101.25,74.67,3.92,20.95,12057.79,3982.24
2023-02-28,23134,104.87,101.71,74.53,3.92,20.70,12042.12,3970.15
2023-03-01,23646,104.48,100.37,73.87,4.01,20.58,11938.57,3951.39
2023-03-02,23472,105.03,99.48,73.96,4.08,19.59,12044.87,3981.35
2023-03-03,22363,104.52,101.89,74.72,3.97,18.49,12290.81,4045.64
2023-03-06,22404,104.35,101.10,74.72,3.98,18.61,12302.48,4048.42
2023-03-07,22209,105.61,101.72,74.19,3.97,19.59,12152.17,3986.37
2023-03-08,21712,105.66,101.82,73.84,3.98,19.11,12215.33,3992.01
2023-03-09,20378,105.31,102.07,73.43,3.93,22.61,11995.88,3918.32
2023-03-10,20201,104.58,105.59,73.44,3.70,24.80,11830.28,3861.59
2023-03-13,24187,103.59,105.83,73.04,3.55,26.52,11923.17,3855.76
2023-03-14,24744,103.60,104.09,73.57,3.64,23.73,12199.79,3919.29
2023-03-15,24321,104.65,106.10,73.33,3.51,26.14,12251.32,3891.93
2023-03-16,25057,104.42,105.27,73.81,3.56,22.99,12581.39,3960.28
2023-03-17,27350,103.71,106.85,73.37,3.39,25.51,12519.88,3916.64
2023-03-20,27712,103.28,105.91,73.17,3.47,24.15,12562.61,3951.57
2023-03-21,28112,103.26,105.00,73.97,3.59,21.38,12741.44,4002.87
2023-03-22,27263,102.35,106.40,74.04,3.48,22.26,12567.15,3936.97
2023-03-23,28304,102.53,106.40,73.75,3.38,22.61,12729.23,3948.72
2023-03-24,27458,103.12,106.85,73.60,3.38,21.74,12767.05,3970.99
2023-03-27,27129,102.86,104.34,73.42,3.53,20.60,12673.07,3977.53
2023-03-28,27265,102.43,104.53,73.38,3.55,19.97,12610.57,3971.27
2023-03-29,28344,102.64,104.32,74.30,3.57,19.12,12846.03,4027.81
2023-03-30,28017,102.14,104.80,74.74,3.55,19.02,12963.14,4050.83
2023-03-31,28460,102.51,106.37,75.55,3.48,18.70,13181.35,4109.31
2023-04-03,27790,102.09,106.60,75.15,3.43,18.55,13148.35,4124.51
2023-04-04,28153,101.59,107.13,74.93,3.35,19.00,13100.08,4100.60
2023-04-05,28153,101.85,108.25,74.51,3.30,19.08,12967.20,4090.38
2023-04-06,28018,101.82,108.53,74.84,3.30,18.40,13062.60,4105.02
2023-04-10,29614,102.58,106.78,74.77,3.41,18.97,13051.23,4109.11
2023-04-11,30190,102.20,107.00,74.93,3.43,19.10,12964.16,4108.94
2023-04-12,29876,101.50,106.89,74.91,3.41,19.09,12848.35,4091.95
2023-04-13,30389,101.01,106.05,75.42,3.45,17.80,13109.39,4146.22
2023-04-14,30462,101.55,105.08,75.28,3.52,17.07,13079.52,4137.64
2023-04-17,29434,102.10,103.83,75.08,3.60,16.95,13087.71,4151.32
2023-04-18,30392,101.75,104.20,75.13,3.58,16.83,13091.79,4154.87
2023-04-19,28826,101.97,104.10,74.83,3.60,16.46,13088.71,4154.52
2023-04-20,28248,101.84,104.99,74.76,3.54,17.17,12985.98,4129.79
2023-04-21,27287,101.82,104.40,74.99,3.57,16.77,13000.77,4133.52
2023-04-24,27522,101.35,105.41,75.20,3.52,16.89,12969.76,4137.04
2023-04-25,28324,101.86,106.96,75.08,3.40,18.76,12725.11,4071.63
2023-04-26,28433,101.47,105.82,74.79,3.43,18.84,12806.49,4055.99
2023-04-27,29479,101.50,104.77,75.04,3.53,17.03,13160.03,4135.35
2023-04-28,29338,101.66,106.46,75.36,3.44,15.78,13245.99,4169.48
2023-05-01,28106,102.15,103.13,74.69,3.59,16.08,13231.47,4167.87
2023-05-02,28679,101.96,105.70,74.62,3.44,17.78,13113.66,4119.58
2023-05-03,29037,101.34,106.29,74.58,3.38,18.34,13030.21,4090.75
2023-05-04,28844,101.40,105.24,74.36,3.37,20.09,12982.48,4061.22
2023-05-05,29526,101.21,104.89,74.76,3.44,17.19,13259.13,4136.25
2023-05-08,27701,101.38,103.42,74.55,3.52,16.98,13291.64,4138.12
2023-05-09,27668,101.61,103.05,74.36,3.53,17.71,13201.11,4119.17
2023-05-10,27622,101.48,104.05,74.81,3.43,16.94,13347.83,4137.64
2023-05-11,27016,102.06,105.15,74.69,3.39,16.93,13389.78,4130.62
2023-05-12,26818,102.68,104.27,74.42,3.46,17.03,13340.17,4124.08
2023-05-15,27190,102.43,103.19,74.40,3.50,17.12,13413.51,4136.28
2023-05-16,27054,102.56,102.88,73.88,3.54,17.99,13426.01,4109.90
2023-05-17,27425,102.88,102.58,74.08,3.57,16.87,13589.26,4158.77
2023-05-18,26862,103.58,101.82,74.12,3.65,16.05,13834.62,4198.05
2023-05-19,26911,103.20,101.10,74.20,3.70,16.81,13803.49,4191.98
2023-05-22,26869,103.20,100.74,74.53,3.72,17.21,13849.74,4192.63
2023-05-23,27243,103.49,101.03,74.14,3.70,18.53,13672.54,4145.58
2023-05-24,26344,103.89,100.53,73.62,3.73,20.03,13604.48,4115.24
2023-05-25,26498,104.25,100.28,73.57,3.83,19.14,13938.53,4151.28
2023-05-26,26737,104.21,101.09,74.02,3.80,17.95,14298.41,4205.45
2023-05-30,27723,104.17,102.10,74.34,3.69,17.46,14354.99,4205.52
2023-05-31,27220,104.33,102.99,74.11,3.64,17.94,14254.09,4179.83
2023-06-01,26833,103.56,103.12,74.20,3.61,15.65,14441.51,4221.02
2023-06-02,27254,104.02,101.99,74.58,3.69,14.60,14546.64,4282.37
2023-06-05,25730,104.00,101.80,74.52,3.69,14.73,14556.50,4273.79
2023-06-06,27233,104.12,102.40,74.64,3.70,13.96,14558.09,4283.85
2023-06-07,26365,104.10,100.88,74.23,3.79,13.94,14303.29,4267.52
2023-06-08,26526,103.34,102.06,74.70,3.73,13.65,14484.54,4293.93
2023-06-09,26502,103.56,101.92,74.72,3.75,13.83,14528.36,4298.86
2023-06-12,25933,103.65,102.22,74.64,3.73,15.01,14784.30,4338.93
2023-06-13,25941,103.34,101.21,74.73,3.84,14.61,14900.85,4369.01
2023-06-14,25146,102.95,102.02,74.76,3.83,13.88,15005.69,4372.59
2023-06-15,25611,102.11,103.00,75.12,3.72,14.50,15185.48,4425.84
2023-06-16,26357,102.24,102.60,74.93,3.77,13.54,15083.92,4409.59
2023-06-20,28325,102.54,103.31,74.73,3.74,13.88,15070.15,4388.71
2023-06-21,30013,102.07,103.56,74.54,3.72,13.20,14867.45,4365.69
2023-06-22,29920,102.39,102.31,74.32,3.80,12.91,15042.32,4381.89
2023-06-23,30708,102.90,103.33,74.19,3.74,13.44,14891.48,4348.33
2023-06-26,30287,102.69,103.44,74.23,3.72,14.25,14689.02,4328.82
2023-06-27,30711,102.49,103.17,74.48,3.77,13.74,14945.91,4378.41
2023-06-28,30094,102.91,103.61,74.91,3.71,13.43,14964.58,4376.86
2023-06-29,30471,103.34,101.74,74.71,3.85,13.54,14939.95,4396.44
2023-06-30,30500,102.91,102.94,75.07,3.81,13.59,15179.21,4450.38
2023-07-03,31176,102.96,102.08,74.55,3.86,13.57,15208.69,4455.59
2023-07-05,30532,103.37,101.11,74.32,3.95,14.18,15203.78,4446.82
2023-07-06,29942,103.07,99.68,73.78,4.05,15.44,15089.45,4411.59
2023-07-07,30370,102.27,99.08,73.85,4.06,14.83,15036.85,4398.95
2023-07-10,30445,101.97,99.21,74.22,4.01,15.07,15045.64,4409.53
2023-07-11,30654,101.73,99.72,74.62,3.99,14.84,15119.06,4439.26
2023-07-12,30428,100.52,100.83,75.20,3.86,13.54,15307.23,4472.16
2023-07-13,31500,99.77,101.89,75.65,3.76,13.61,15571.98,4510.04
2023-07-14,30343,99.91,101.29,75.10,3.83,13.34,15565.60,4505.42
2023-07-17,30172,99.84,101.34,75.24,3.81,13.48,15713.28,4522.79
2023-07-18,29888,99.94,101.80,75.45,3.80,13.30,15841.35,4554.98
2023-07-19,29939,100.28,102.95,75.51,3.75,13.76,15826.35,4565.72
2023-07-20,29839,100.88,101.70,75.18,3.85,13.99,15466.09,4534.87
2023-07-21,29942,101.07,101.73,75.37,3.84,13.60,15425.67,4536.34
2023-07-24,29224,101.35,101.36,75.24,3.86,13.91,15448.02,4554.64
2023-07-25,29272,101.35,101.17,75.19,3.91,13.86,15561.42,4567.46
2023-07-26,29390,100.89,101.27,75.49,3.86,13.19,15499.26,4566.75
2023-07-27,29256,101.77,99.30,74.89,4.01,14.41,15464.93,4537.41
2023-07-28,29365,101.62,99.81,75.32,3.96,13.33,15750.93,4582.23
2023-07-31,29273,101.86,100.05,75.50,3.97,13.63,15757.00,4588.96
2023-08-01,29746,102.30,98.14,74.77,4.05,13.93,15718.01,4576.73
2023-08-02,29197,102.59,97.09,74.45,4.08,16.09,15370.74,4513.39
2023-08-03,29206,102.54,94.85,74.21,4.20,15.92,15353.54,4501.89
2023-08-04,29119,102.02,96.53,74.65,4.05,17.10,15274.92,4478.03
2023-08-07,29223,102.05,95.58,74.79,4.09,15.77,15407.85,4518.44
2023-08-08,29796,102.53,96.69,74.95,4.02,15.99,15273.05,4499.38
2023-08-09,29597,102.49,97.19,74.96,4.00,15.96,15101.71,4467.71
2023-08-10,29458,102.52,95.59,74.94,4.09,15.85,15128.84,4468.83
2023-08-11,29434,102.84,95.37,74.83,4.16,14.84,15028.07,4464.05
2023-08-14,29445,103.19,95.16,74.82,4.19,14.82,15205.58,4489.72
2023-08-15,29200,103.21,94.58,74.58,4.21,16.46,15037.65,4437.86
2023-08-16,28730,103.43,93.84,74.35,4.28,16.78,14876.47,4404.33
2023-08-17,26661,103.57,93.44,74.04,4.30,17.89,14715.81,4370.36
2023-08-18,26066,103.38,93.77,74.09,4.26,17.30,14694.84,4369.71
2023-08-21,26144,103.30,92.52,74.07,4.34,17.13,14936.69,4399.77
2023-08-22,26057,103.56,93.23,74.11,4.34,16.97,14908.96,4387.55
2023-08-23,26461,103.42,95.54,74.71,4.19,15.98,15148.06,4436.01
2023-08-24,26199,103.98,94.91,74.30,4.23,17.20,14816.44,4376.31
2023-08-25,26079,104.08,95.22,74.61,4.25,15.68,14941.83,4405.71
2023-08-28,26147,104.06,95.32,74.89,4.20,15.08,15052.46,4433.31
2023-08-29,27752,103.53,96.31,75.36,4.12,14.45,15376.55,4497.63
2023-08-30,27325,103.16,96.21,75.33,4.12,13.88,15462.43,4514.87
2023-08-31,25967,103.62,96.64,75.28,4.09,13.57,15501.07,4507.66
2023-09-01,25816,104.24,94.85,75.07,4.18,13.09,15490.86,4515.77
2023-09-05,25793,104.81,93.52,74.58,4.27,14.01,15508.24,4496.83
2023-09-06,25783,104.86,93.75,74.40,4.30,14.45,15371.44,4465.48
2023-09-07,26264,105.06,94.01,74.65,4.27,14.40,15258.52,4451.14
2023-09-08,25918,105.09,94.37,74.62,4.26,13.84,15280.23,4457.49
2023-09-11,25183,104.57,93.69,74.75,4.29,13.80,15461.87,4487.46
2023-09-12,25851,104.71,94.23,74.63,4.27,14.23,15289.74,4461.90
2023-09-13,26238,104.77,94.21,74.83,4.25,13.48,15348.53,4467.44
2023-09-14,26544,105.41,93.53,74.92,4.29,12.82,15473.89,4505.10
2023-09-15,26625,105.32,92.96,74.64,4.33,13.79,15202.40,4450.32
2023-09-18,26788,105.20,93.49,74.69,4.32,14.00,15225.37,4453.53
2023-09-19,27244,105.16,92.80,74.46,4.37,14.11,15191.23,4443.95
2023-09-20,27149,105.12,93.09,74.40,4.35,15.14,14969.92,4402.20
2023-09-21,26594,105.36,90.70,73.87,4.49,17.54,14694.24,4330.00
2023-09-22,26606,105.58,91.43,74.00,4.44,17.20,14701.10,4320.06
2023-09-25,26330,106.00,89.18,73.90,4.55,16.90,14768.89,4337.44
2023-09-26,26244,106.23,88.87,73.58,4.56,18.94,14545.83,4273.53
2023-09-27,26391,106.67,88.41,73.48,4.61,18.22,14580.16,4274.51
2023-09-28,27046,106.22,88.68,73.83,4.59,17.34,14702.77,4299.70
2023-09-29,26929,106.22,88.69,73.72,4.59,17.52,14715.24,4288.05
2023-10-02,27526,106.90,86.93,72.89,4.69,17.61,14837.57,4288.39
2023-10-03,27431,107.00,85.06,72.15,4.81,19.78,14565.62,4229.45
2023-10-04,27805,106.80,86.26,72.52,4.73,18.58,14776.25,4263.75
2023-10-05,27418,106.33,85.83,72.59,4.72,18.49,14723.22,4258.19
2023-10-06,27942,106.04,84.79,72.69,4.78,17.45,14973.24,4308.50
2023-10-09,27617,106.08,86.78,73.23,4.78,17.70,15047.16,4335.66
2023-10-10,27414,105.83,86.66,73.21,4.66,17.03,15131.52,4358.24
2023-10-11,26894,105.82,88.47,73.20,4.58,16.09,15241.12,4376.95
2023-10-12,26795,106.60,86.07,72.81,4.70,16.69,15184.10,4349.61
2023-10-13,26875,106.65,87.61,72.75,4.63,19.32,14995.12,4327.78
2023-10-16,28524,106.24,86.20,72.73,4.71,17.21,15172.73,4373.63
2023-10-17,28410,106.25,85.25,72.39,4.83,17.88,15122.01,4373.20
2023-10-18,28332,106.56,84.50,72.04,4.91,19.22,14909.26,4314.60
2023-10-19,28745,106.25,82.77,71.78,4.98,21.40,14783.13,4278.00
2023-10-20,29689,106.16,83.24,71.93,4.93,21.71,14560.88,4224.16
2023-10-23,33069,105.54,84.24,72.22,4.86,20.37,14604.85,4217.04
2023-10-24,33943,106.27,85.35,72.59,4.83,18.97,14745.86,4247.68
2023-10-25,34504,106.53,83.45,72.20,4.95,20.19,14381.64,4186.77
2023-10-26,34184,106.60,84.73,72.45,4.86,20.68,14109.57,4137.23
2023-10-27,33942,106.56,84.37,72.36,4.84,21.27,14180.42,4117.37
2023-10-30,34490,106.12,83.99,72.38,4.88,19.75,14335.51,4166.82
2023-10-31,34669,106.66,83.58,72.57,4.88,18.14,14409.78,4193.80
2023-11-01,35447,106.88,85.10,72.87,4.77,16.87,14664.91,4237.86
2023-11-02,34944,106.12,87.04,73.69,4.67,15.66,14919.54,4317.78
2023-11-03,34751,105.02,87.63,74.41,4.57,14.91,15099.49,4358.34
2023-11-06,35053,105.22,86.78,74.11,4.67,14.89,15154.93,4365.98
2023-11-07,35455,105.54,88.06,74.12,4.58,14.81,15296.02,4378.38
2023-11-08,35641,105.59,89.56,74.16,4.49,14.45,15313.24,4382.78
2023-11-09,36699,105.91,87.50,73.70,4.62,15.29,15187.90,4347.35
2023-11-10,37301,105.86,87.99,74.06,4.61,14.17,15529.12,4415.24
2023-11-13,36511,105.63,87.79,73.99,4.63,14.76,15482.79,4411.55
2023-11-14,35542,104.05,89.78,74.74,4.44,14.16,15812.47,4495.70
2023-11-15,37865,104.39,88.52,74.50,4.53,14.18,15817.18,4502.88
2023-11-16,36161,104.35,89.62,74.60,4.45,14.32,15833.17,4508.24
2023-11-17,36631,103.92,90.04,74.77,4.44,13.80,15837.99,4514.02
2023-11-20,37451,103.44,90.59,74.85,4.42,13.41,16027.06,4547.38
2023-11-21,35794,103.56,90.55,74.95,4.41,13.35,15933.62,4538.19
2023-11-22,37407,103.92,90.87,75.08,4.42,12.85,16001.39,4556.62
2023-11-24,37704,103.40,89.80,75.00,4.47,12.46,15982.01,4559.34
2023-11-27,37263,103.20,91.30,75.11,4.39,12.69,15961.98,4550.43
2023-11-28,37815,102.75,91.48,75.44,4.34,12.69,16010.43,4554.89
2023-11-29,37834,102.77,92.63,75.85,4.27,12.98,15987.60,4550.58
2023-11-30,37723,103.50,91.56,75.71,4.37,12.92,15947.87,4567.80
2023-12-01,38676,103.27,92.99,75.99,4.22,12.63,15997.58,4594.63
2023-12-04,41942,103.71,92.61,75.80,4.28,13.08,15839.67,4569.78
2023-12-05,44112,104.05,94.61,75.87,4.18,12.85,15877.71,4567.18
2023-12-06,43814,104.15,95.87,75.88,4.12,12.97,15788.05,4549.34
2023-12-07,43290,103.54,95.32,76.01,4.14,13.06,16022.49,4585.59
2023-12-08,44173,104.01,94.54,75.86,4.23,12.35,16084.69,4604.37
2023-12-11,41287,104.09,94.34,75.81,4.23,12.63,16221.74,4622.44
2023-12-12,41501,103.86,94.62,75.98,4.20,12.07,16354.25,4643.70
2023-12-13,42924,102.87,96.84,77.14,4.04,12.19,16562.37,4707.09
2023-12-14,43064,101.96,99.04,77.10,3.92,12.48,16537.83,4719.55
2023-12-15,41961,102.55,99.15,76.93,3.91,12.28,16623.45,4719.19
2023-12-18,42672,102.56,98.36,76.98,3.95,12.56,16729.80,4740.56
2023-12-19,42315,102.17,98.89,77.20,3.93,12.53,16811.86,4768.37
2023-12-20,43662,102.41,99.56,77.21,3.86,13.67,16554.16,4698.35
2023-12-21,43890,101.84,98.93,77.56,3.89,13.65,16757.41,4746.75
2023-12-22,44038,101.70,98.47,77.47,3.90,13.03,16777.40,4754.63
2023-12-26,42568,101.47,98.76,77.62,3.89,12.99,16878.46,4774.75
2023-12-27,43476,100.99,100.51,77.94,3.79,12.43,16906.80,4781.58
2023-12-28,42617,101.23,99.78,77.69,3.84,12.47,16898.47,4783.35
2023-12-29,42139,101.33,98.88,77.39,3.88,12.45,16825.93,4769.83
2024-01-02,44991,102.20,98.31,77.13,3.95,13.20,16543.94,4742.83
2024-01-03,42869,102.49,98.72,76.92,3.91,14.04,16368.49,4704.81
2024-01-04,44221,102.42,97.22,76.62,3.99,14.13,16282.01,4688.68
2024-01-05,44189,102.41,96.29,76.68,4.05,13.35,16305.98,4697.24
2024-01-08,46941,102.21,97.24,77.11,4.01,13.08,16649.87,4763.54
2024-01-09,46113,102.57,96.62,77.23,4.02,12.76,16678.70,4756.50
2024-01-10,46636,102.36,96.17,77.37,4.04,12.69,16793.04,4783.45
2024-01-11,46377,102.29,96.71,77.62,3.98,12.44,16820.90,4780.24
2024-01-12,42831,102.40,96.52,77.70,3.96,12.70,16832.92,4783.83
2024-01-16,43163,103.36,94.82,77.21,4.07,13.84,16830.71,4765.98
2024-01-17,42778,103.45,94.67,76.88,4.10,14.79,16736.28,4739.21
2024-01-18,41337,103.54,93.79,77.04,4.14,14.13,16982.29,4780.94
2024-01-19,41719,103.29,94.09,77.17,4.15,13.30,17314.01,4839.81
2024-01-22,39599,103.33,94.65,77.23,4.11,13.19,17330.38,4850.43
2024-01-23,39938,103.62,93.90,77.14,4.14,12.55,17404.21,4864.60
2024-01-24,40140,103.24,93.35,77.10,4.18,13.14,17499.30,4868.55
2024-01-25,40001,103.57,93.96,77.69,4.14,13.45,17516.99,4894.16
2024-01-26,41821,103.43,93.78,77.63,4.15,13.26,17421.01,4890.97
2024-01-29,43301,103.61,94.86,77.80,4.08,13.60,17596.27,4927.93
2024-01-30,42956,103.40,95.72,77.70,4.06,13.31,17476.71,4924.97
2024-01-31,42594,103.27,96.66,77.48,3.99,14.35,17137.24,4845.65
2024-02-01,43088,103.05,98.24,77.54,3.87,13.88,17344.71,4906.19
2024-02-02,43201,103.92,96.07,77.19,4.03,13.85,17642.73,4958.61
2024-02-05,42707,104.45,94.13,76.83,4.17,13.67,17613.04,4942.81
2024-02-06,43101,104.21,95.05,77.11,4.09,13.06,17572.73,4954.23
2024-02-07,44328,104.06,94.59,77.24,4.09,12.83,17755.07,4995.06
2024-02-08,45279,104.17,94.04,77.20,4.15,12.79,17783.17,4997.91
2024-02-09,47150,104.11,93.85,77.36,4.17,12.93,17962.40,5026.61
2024-02-12,49947,104.17,93.96,77.19,4.17,13.93,17882.66,5021.84
2024-02-13,49777,104.96,92.35,76.57,4.31,15.85,17600.42,4953.17
2024-02-14,51778,104.72,92.82,76.87,4.27,14.38,17807.63,5000.62
2024-02-15,51893,104.30,93.30,77.14,4.24,14.01,17845.72,5029.73
2024-02-16,52130,104.30,92.76,76.91,4.30,14.24,17685.98,5005.57
2024-02-20,52168,104.08,92.84,77.07,4.27,15.42,17546.10,4975.51
2024-02-21,51856,104.01,92.18,76.93,4.32,15.34,17478.91,4981.80
2024-02-22,51287,103.96,92.63,77.30,4.33,14.54,18004.70,5087.03
2024-02-23,50734,103.94,93.87,77.35,4.26,13.75,17937.61,5088.80
2024-02-26,54417,103.83,93.59,77.10,4.28,13.74,17933.33,5069.53
2024-02-27,56998,103.83,92.93,77.20,4.31,13.43,17971.05,5078.18
2024-02-28,62380,103.97,93.52,77.19,4.27,13.84,17874.50,5069.76
2024-02-29,61148,104.16,94.18,77.33,4.25,13.40,18043.85,5096.27
2024-03-01,62346,103.86,94.47,77.18,4.19,13.11,18302.91,5137.08
2024-03-04,68110,103.83,94.09,77.16,4.22,13.49,18226.48,5130.95
2024-03-05,63818,103.80,95.43,77.10,4.13,14.46,17897.87,5078.65
2024-03-06,66073,103.37,95.99,77.29,4.11,14.50,18017.57,5104.76
2024-03-07,66744,102.82,95.90,77.38,4.09,14.44,18297.99,5157.36
2024-03-08,68018,102.71,95.73,77.40,4.09,14.74,18018.45,5123.69
2024-03-11,71937,102.87,95.68,77.39,4.10,15.22,17951.69,5117.94
2024-03-12,71237,102.96,94.88,77.46,4.16,13.84,18219.12,5175.27
2024-03-13,72974,102.79,94.42,77.49,4.19,13.75,18068.47,5165.31
2024-03-14,71364,103.36,92.97,77.12,4.29,14.40,18014.81,5150.48
2024-03-15,69457,103.43,92.94,77.07,4.31,14.41,17808.25,5117.09
2024-03-18,67606,103.59,92.66,77.25,4.34,14.33,17985.01,5149.42
2024-03-19,62072,103.84,92.92,77.56,4.30,13.82,18032.21,5178.51
2024-03-20,67912,103.41,92.89,77.82,4.27,13.04,18240.11,5224.62
2024-03-21,65577,104.00,93.09,77.78,4.27,12.92,18320.38,5241.53
2024-03-22,63828,104.47,93.98,77.70,4.22,13.06,18339.44,5234.18
2024-03-25,69824,104.23,93.51,77.58,4.25,13.19,18277.06,5218.19
2024-03-26,70011,104.29,93.77,77.49,4.24,13.24,18210.54,5203.58
2024-03-27,69467,104.35,94.70,77.90,4.20,12.78,18280.84,5248.49
2024-03-28,70776,104.55,94.62,77.73,4.20,13.01,18254.69,5254.35
2024-04-01,69691,105.02,92.55,77.02,4.33,13.65,18293.20,5243.77
2024-04-02,65495,104.82,92.04,76.89,4.36,14.61,18121.78,5205.81
2024-04-03,65967,104.25,92.02,76.95,4.36,14.33,18160.19,5211.49
2024-04-04,68518,104.12,92.68,76.89,4.31,16.35,17878.78,5147.21
2024-04-05,67819,104.30,91.39,76.82,4.39,16.03,18108.46,5204.34
2024-04-08,71675,104.14,91.38,77.00,4.42,15.19,18100.19,5202.39
2024-04-09,69164,104.15,92.23,77.16,4.36,14.98,18169.90,5209.91
2024-04-10,70688,105.25,90.22,76.48,4.55,15.80,18011.65,5160.64
2024-04-11,70104,105.28,89.81,76.41,4.56,14.91,18307.98,5199.06
2024-04-12,67061,106.04,90.29,76.37,4.50,17.31,18003.49,5123.41
2024-04-15,63488,106.21,88.89,75.93,4.63,19.23,17706.83,5061.82
2024-04-16,63874,106.26,88.30,75.68,4.67,18.40,17713.66,5051.41
2024-04-17,61375,105.95,89.28,75.78,4.59,18.21,17493.62,5022.21
2024-04-18,63529,106.15,88.83,75.84,4.64,18.00,17394.31,5011.12
2024-04-19,63867,106.15,89.15,75.98,4.62,18.71,17037.65,4967.23
2024-04-22,66894,106.08,89.00,76.40,4.62,16.94,17210.89,5010.60
2024-04-23,66458,105.67,89.03,76.71,4.61,15.69,17471.47,5070.55
2024-04-24,64345,105.86,88.40,76.54,4.65,15.97,17526.80,5071.63
2024-04-25,64555,105.60,87.78,76.38,4.70,15.37,17430.50,5048.42
2024-04-26,63874,105.94,88.24,76.62,4.67,15.03,17718.30,5099.96
2024-04-29,63960,105.58,88.98,76.85,4.63,14.67,17782.71,5116.17
2024-04-30,60836,106.22,88.22,76.29,4.69,15.65,17440.69,5035.69
2024-05-01,58457,105.75,88.56,76.29,4.63,15.39,17318.55,5018.39
2024-05-02,59247,105.30,88.94,76.76,4.58,14.68,17541.54,5064.20
2024-05-03,62978,105.03,89.84,77.08,4.50,13.49,17890.79,5127.79
2024-05-06,63280,105.05,90.19,77.17,4.49,13.49,18093.57,5180.74
2024-05-07,62432,105.41,90.74,77.18,4.47,13.23,18091.45,5187.70
2024-05-08,61343,105.55,90.19,77.00,4.48,13.00,18085.01,5187.67
2024-05-09,63209,105.23,90.63,77.02,4.45,12.69,18113.46,5214.08
2024-05-10,60807,105.30,90.12,76.90,4.50,12.55,18161.18,5222.68
2024-05-13,62986,105.22,90.35,76.88,4.48,13.60,18198.61,5221.42
2024-05-14,61668,105.01,90.86,77.00,4.45,13.42,18322.77,5246.68
2024-05-15,66320,104.34,92.10,77.45,4.36,12.45,18596.65,5308.15
2024-05-16,65314,104.46,92.01,77.27,4.38,12.42,18557.96,5297.10
2024-05-17,67182,104.44,91.39,77.28,4.42,11.99,18546.23,5303.27
2024-05-20,71428,104.56,91.12,77.32,4.44,12.15,18674.19,5308.13
2024-05-21,70148,104.66,91.59,77.26,4.41,11.86,18713.80,5321.41
2024-05-22,69225,104.93,91.70,77.09,4.43,12.29,18705.20,5307.01
2024-05-23,68058,105.11,91.11,76.82,4.47,12.77,18623.39,5267.84
2024-05-24,68604,104.72,91.38,77.09,4.46,11.93,18808.35,5304.72
2024-05-28,68434,104.61,90.07,76.78,4.54,12.92,18869.44,5306.04
2024-05-29,67720,105.10,88.98,76.55,4.61,14.28,18736.76,5266.95
2024-05-30,68413,104.72,89.84,76.86,4.55,14.47,18538.66,5235.48
2024-05-31,67582,104.67,90.45,77.13,4.51,12.92,18536.65,5277.51
2024-06-03,68859,104.14,91.60,77.01,4.41,13.11,18600.97,5283.40
2024-06-04,70604,104.11,92.67,76.97,4.33,13.16,18654.84,5291.34
2024-06-05,71101,104.27,93.35,77.22,4.29,12.63,19035.05,5354.03
2024-06-06,70836,104.10,93.21,77.09,4.28,12.58,19021.19,5352.96
2024-06-07,69403,104.89,91.50,76.89,4.43,12.22,19000.95,5346.99
2024-06-10,69528,105.15,90.89,76.96,4.47,12.74,19074.68,5360.79
2024-06-11,67331,105.23,91.83,77.06,4.39,12.85,19210.19,5375.32
2024-06-12,68266,104.64,92.52,77.37,4.31,12.04,19465.18,5421.03
2024-06-13,66776,105.20,93.88,77.36,4.24,11.94,19576.92,5433.74
2024-06-14,66038,105.55,94.67,77.06,4.20,12.66,19659.80,5431.60
2024-06-17,66570,105.32,93.73,77.11,4.28,12.75,19902.75,5473.23
2024-06-18,65250,105.26,94.59,77.35,4.22,12.30,19908.86,5487.03
2024-06-20,65000,105.59,93.96,77.30,4.25,13.28,19752.30,5473.17
2024-06-21,64234,105.80,93.96,77.39,4.25,13.20,19700.43,5464.62
2024-06-24,60372,105.47,94.34,77.31,4.25,13.33,19474.62,5447.87
2024-06-25,61878,105.61,94.50,77.41,4.23,12.84,19701.13,5469.30
2024-06-26,60923,106.05,93.15,77.24,4.32,12.55,19751.05,5477.90
2024-06-27,61803,105.91,93.52,77.33,4.29,12.24,19789.03,5482.87
2024-06-28,60546,105.87,91.78,77.14,4.36,12.44,19682.87,5460.48
2024-07-01,62965,105.90,89.91,76.72,4.48,12.22,19812.22,5475.09
2024-07-02,62219,105.72,90.61,76.93,4.43,12.03,20011.89,5509.01
2024-07-03,60314,105.40,91.80,77.20,4.36,12.09,20186.63,5537.02
2024-07-05,56759,104.88,92.56,77.43,4.28,12.48,20391.97,5567.19
2024-07-08,56873,105.00,92.76,77.41,4.28,12.37,20439.54,5572.85
2024-07-09,58205,105.13,92.35,77.32,4.30,12.51,20453.02,5576.98
2024-07-10,57931,105.05,92.64,77.50,4.28,12.85,20675.38,5633.91
2024-07-11,57458,104.44,93.54,77.78,4.20,12.92,20211.36,5584.54
2024-07-12,58049,104.09,93.94,77.98,4.18,12.46,20331.49,5615.35
2024-07-15,64882,104.19,92.86,77.99,4.23,13.12,20386.88,5631.22
2024-07-16,65188,104.27,94.17,78.29,4.17,13.19,20398.62,5667.20
2024-07-17,64204,103.75,94.19,78.20,4.16,14.48,19799.14,5588.27
2024-07-18,64048,104.17,93.47,78.04,4.20,15.93,19705.09,5544.59
2024-07-19,66789,104.40,92.92,77.98,4.25,16.52,19522.62,5505.00
2024-07-22,67714,104.31,92.65,78.27,4.26,14.91,19822.87,5564.41
2024-07-23,66101,104.45,92.52,78.28,4.25,14.72,19754.34,5555.74
2024-07-24,65482,104.39,91.52,78.03,4.28,18.04,19032.39,5427.13
2024-07-25,65849,104.36,92.27,78.04,4.27,18.46,18830.59,5399.22
2024-07-26,68061,104.32,92.99,78.29,4.20,16.39,19023.66,5459.10
2024-07-29,66933,104.56,93.49,78.22,4.17,16.60,19059.49,5463.54
2024-07-30,66349,104.55,93.85,78.26,4.15,17.69,18796.27,5436.44
2024-07-31,64724,104.10,94.81,78.54,4.09,16.36,19362.43,5522.30
2024-08-01,65465,104.42,95.31,77.96,3.99,18.59,18890.39,5446.68
2024-08-02,61529,103.21,98.28,77.70,3.80,23.39,18440.85,5346.56
2024-08-05,54169,102.69,98.80,77.22,3.78,38.57,17895.15,5186.33
2024-08-06,56187,102.97,96.59,77.51,3.90,27.71,18077.92,5240.03
2024-08-07,55179,103.20,95.91,77.66,3.96,27.85,17867.37,5199.50
2024-08-08,61801,103.21,95.32,77.98,3.99,23.79,18413.82,5319.31
2024-08-09,60970,103.14,96.26,77.97,3.94,20.37,18513.10,5344.16
2024-08-12,59440,103.14,96.61,78.02,3.90,20.71,18542.03,5344.39
2024-08-13,60666,102.56,97.28,78.38,3.85,18.12,19006.43,5434.43
2024-08-14,58777,102.57,97.89,78.52,3.83,16.19,19022.68,5455.21
2024-08-15,57594,102.98,97.10,78.59,3.92,15.23,19490.15,5543.22
2024-08-16,58996,102.46,97.44,78.84,3.89,14.80,19508.52,5554.25
2024-08-19,59609,101.89,97.89,78.97,3.86,14.65,19766.48,5608.25
2024-08-20,59172,101.44,98.67,78.90,3.82,15.88,19719.82,5597.12
2024-08-21,61252,101.04,98.73,79.08,3.79,16.27,19824.84,5620.85
2024-08-22,60483,101.51,97.75,78.98,3.86,17.55,19491.84,5570.64
2024-08-23,64151,100.72,98.39,79.40,3.81,15.86,19720.87,5634.61
2024-08-26,62974,100.85,98.14,79.24,3.82,16.15,19516.44,5616.84
2024-08-27,59570,100.55,97.97,79.29,3.83,15.43,19581.52,5625.80
2024-08-28,59145,101.09,97.85,79.25,3.84,17.11,19350.78,5592.18
2024-08-29,59542,101.34,97.53,79.33,3.87,15.65,19325.45,5591.96
2024-08-30,59300,101.70,96.49,79.34,3.91,15.00,19574.64,5648.40
2024-09-03,57680,101.83,97.75,78.68,3.84,20.72,18958.73,5528.93
2024-09-04,58116,101.36,99.01,78.97,3.77,21.32,18921.40,5520.07
2024-09-05,56318,101.11,99.57,79.24,3.73,19.90,18930.33,5503.41
2024-09-06,54133,101.18,99.56,79.14,3.72,22.38,18421.31,5408.42
2024-09-09,57110,101.55,99.99,79.33,3.70,19.45,18660.78,5471.05
2024-09-10,57758,101.63,100.69,79.18,3.65,19.08,18829.14,5495.52
2024-09-11,57451,101.68,100.61,79.30,3.65,17.69,19237.30,5554.13
2024-09-12,58287,101.37,100.14,79.41,3.68,17.07,19423.07,5595.76
2024-09-13,60645,101.11,100.41,79.63,3.66,16.56,19514.59,5626.02
2024-09-16,58342,100.76,101.33,79.83,3.63,17.14,19423.06,5633.09
2024-09-17,60435,100.89,100.84,79.85,3.65,17.61,19432.40,5634.58
2024-09-18,61841,100.60,99.59,79.92,3.70,18.23,19344.49,5618.26
2024-09-19,63032,100.61,99.26,80.16,3.73,16.33,19839.83,5713.64
2024-09-20,63205,100.72,98.88,80.26,3.73,16.15,19791.49,5702.55
2024-09-23,63456,100.85,98.67,80.11,3.75,15.89,19852.20,5718.57
2024-09-24,64381,100.47,98.65,80.12,3.74,15.39,19944.84,5732.93
2024-09-25,63264,100.91,97.83,80.03,3.79,15.41,19972.61,5722.26
2024-09-26,65307,100.52,98.06,80.16,3.79,15.37,20115.54,5745.37
2024-09-27,65928,100.38,98.57,80.36,3.75,16.96,20008.62,5738.17
2024-09-30,63468,100.78,98.10,80.30,3.81,16.73,20060.69,5762.48
2024-10-01,60981,101.19,98.49,79.87,3.74,19.26,19773.30,5708.75
2024-10-02,60785,101.68,97.66,79.88,3.79,18.90,19802.59,5709.54
2024-10-03,60892,101.99,96.74,79.69,3.85,20.49,19793.34,5699.94
2024-10-04,62191,102.52,95.55,79.60,3.98,19.21,20035.02,5751.07
2024-10-07,62269,102.54,94.83,79.26,4.03,22.64,19800.74,5695.94
2024-10-08,62231,102.55,94.99,79.45,4.04,21.42,20107.78,5751.13
2024-10-09,60650,102.93,94.45,79.40,4.06,20.86,20268.86,5792.04
2024-10-10,60337,102.99,94.08,79.36,4.09,20.93,20241.76,5780.05
2024-10-11,62581,102.89,93.70,79.57,4.08,20.46,20271.97,5815.03
2024-10-15,67123,103.26,94.91,79.59,4.03,20.64,20159.83,5815.26
2024-10-16,67657,103.59,95.31,79.73,4.02,19.58,20174.05,5842.47
2024-10-17,67453,103.83,93.80,79.61,4.09,19.11,20190.42,5841.47
2024-10-18,68368,103.49,93.87,79.80,4.08,18.03,20324.04,5864.67
2024-10-21,67425,104.01,92.23,79.48,4.19,18.37,20361.47,5853.98
2024-10-22,67405,104.08,92.32,79.37,4.20,18.20,20383.64,5851.20
2024-10-23,66695,104.43,92.07,79.13,4.24,19.24,20066.96,5797.42
2024-10-24,68188,104.06,92.66,79.36,4.21,19.08,20232.87,5809.86
2024-10-25,66734,104.26,92.14,79.28,4.25,20.33,20352.02,5808.12
2024-10-28,69989,104.32,91.89,79.48,4.28,19.80,20351.07,5823.52
2024-10-29,72688,104.32,92.03,79.50,4.28,19.34,20550.65,5832.92
2024-10-30,72455,103.99,92.30,79.36,4.29,20.35,20387.70,5813.67
2024-10-31,70299,103.98,92.45,79.14,4.28,23.16,19890.41,5705.45
2024-11-01,69590,104.28,90.84,78.75,4.37,21.88,20033.14,5728.80
2024-11-04,67858,103.89,92.25,78.97,4.31,21.98,19963.60,5712.69
2024-11-05,69450,103.42,92.74,79.19,4.26,20.49,20227.46,5782.76
2024-11-06,75580,105.09,90.20,79.33,4.42,16.27,20781.33,5929.04
2024-11-07,75864,104.51,91.33,79.67,4.31,15.20,21101.57,5973.10
2024-11-08,76496,105.00,92.49,79.80,4.30,14.94,21117.18,5995.54
2024-11-12,88007,106.02,90.66,79.39,4.43,14.71,21070.79,5983.99
2024-11-13,90453,106.48,89.80,79.41,4.44,14.02,21036.16,5985.38
2024-11-14,87305,106.67,90.32,79.24,4.43,14.31,20896.67,5949.17
2024-11-15,91015,106.69,90.08,79.23,4.43,16.14,20394.13,5870.62
2024-11-18,90535,106.28,90.24,79.38,4.42,15.58,20539.19,5893.62
2024-11-19,92172,106.21,90.70,79.50,4.39,16.35,20684.59,5916.98
2024-11-20,94243,106.68,90.41,79.48,4.41,17.16,20667.10,5917.11
2024-11-21,98348,106.97,90.34,79.51,4.43,16.87,20740.78,5948.71
2024-11-22,98683,107.55,90.39,79.49,4.41,15.24,20776.23,5969.34
2024-11-25,93133,106.82,92.73,79.79,4.27,14.60,20804.89,5987.37
2024-11-26,92082,107.01,92.37,79.64,4.30,14.10,20922.90,6021.63
2024-11-27,95953,106.08,93.01,79.88,4.25,14.10,20744.49,5998.74
2024-11-29,97564,105.74,93.97,80.04,4.18,13.51,20930.37,6032.38
2024-12-02,95925,106.45,93.87,79.65,4.19,13.34,21164.60,6047.15
2024-12-03,96065,106.36,93.06,79.65,4.23,13.30,21229.32,6049.88
2024-12-04,98709,106.32,94.06,79.84,4.19,13.45,21492.36,6086.49
2024-12-05,96833,105.71,94.25,79.77,4.17,13.54,21425.22,6075.11
2024-12-06,99786,106.06,94.39,79.90,4.15,12.77,21622.25,6090.27
2024-12-09,97500,106.14,93.52,79.80,4.20,14.19,21440.82,6052.85
2024-12-10,96650,106.40,93.08,79.84,4.22,14.18,21368.18,6034.91
2024-12-11,101100,106.71,92.20,79.86,4.26,13.58,21763.98,6084.19
2024-12-12,100010,106.96,91.08,79.64,4.32,13.92,21615.27,6051.25
2024-12-13,101370,107.00,90.15,79.41,4.40,13.81,21780.25,6051.09
2024-12-16,105870,106.86,90.42,79.56,4.39,14.69,22096.66,6074.08
2024-12-17,105990,106.96,90.64,79.39,4.40,15.87,22001.08,6050.61
2024-12-18,100230,108.03,89.16,78.17,4.50,27.62,21209.31,5872.16
2024-12-19,97515,108.41,87.81,78.09,4.57,24.09,21110.51,5867.08
2024-12-20,97857,107.62,88.31,78.58,4.52,18.36,21289.15,5930.85
2024-12-23,94918,108.04,87.50,78.37,4.59,16.78,21503.17,5974.07
2024-12-24,98750,108.20,87.87,78.62,4.59,14.27,21797.65,6040.04
2024-12-26,95883,108.13,87.82,78.82,4.58,14.73,21768.31,6037.59
2024-12-27,94419,108.00,87.10,78.55,4.62,15.95,21473.02,5970.84
2024-12-30,92982,108.13,87.80,78.66,4.55,17.40,21197.09,5906.94
2024-12-31,93780,108.49,87.33,78.65,4.58,17.35,21012.17,5881.63
2025-01-02,97034,109.39,87.57,78.84,4.57,17.93,20975.62,5868.55
2025-01-03,98179,108.95,87.29,78.96,4.60,16.13,21326.16,5942.47
2025-01-06,102290,108.26,86.90,79.10,4.62,16.04,21559.50,5975.38
2025-01-07,97006,108.54,85.92,78.84,4.67,17.82,21173.04,5909.03
2025-01-08,95198,109.09,86.03,78.94,4.67,17.70,21180.96,5918.25
2025-01-10,94835,109.65,85.46,78.53,4.77,19.54,20847.58,5827.04
2025-01-13,94682,109.96,85.43,78.51,4.79,19.19,20784.72,5836.22
2025-01-14,96701,109.27,85.29,78.61,4.78,18.71,20757.41,5842.91
2025-01-15,100490,109.09,86.76,79.30,4.66,16.12,21237.85,5949.91
2025-01-16,100040,108.96,87.04,79.39,4.61,16.60,21091.25,5937.34
2025-01-17,104040,109.35,87.19,79.46,4.61,15.97,21441.15,5996.66
2025-01-21,106150,108.06,87.97,79.67,4.57,15.06,21566.51,6049.24
2025-01-22,103680,108.17,87.51,79.56,4.60,15.10,21853.00,6086.37
2025-01-23,103930,108.05,86.83,79.66,4.65,15.02,21900.93,6118.71
2025-01-24,104800,107.44,87.22,79.75,4.63,14.85,21774.01,6101.24
2025-01-27,102300,107.34,88.25,79.81,4.53,17.90,21127.28,6012.28
2025-01-28,101460,107.87,88.19,79.78,4.55,16.41,21463.04,6067.70
2025-01-29,103780,108.00,88.01,79.73,4.55,16.56,21411.46,6039.31
2025-01-30,104740,107.80,88.34,79.88,4.52,15.84,21508.12,6071.17
2025-01-31,102470,108.37,87.76,79.72,4.58,16.43,21478.05,6040.53
2025-02-03,101270,108.99,88.16,79.26,4.54,18.62,21297.58,5994.57
2025-02-04,97798,107.96,88.43,79.51,4.52,17.21,21566.92,6037.88
2025-02-05,96614,107.58,89.89,79.72,4.43,15.77,21658.16,6061.48
2025-02-06,96678,107.69,89.85,79.60,4.45,15.50,21774.06,6083.57
2025-02-07,96579,108.04,89.27,79.35,4.49,16.54,21491.31,6025.99
2025-02-10,97550,108.32,89.00,79.51,4.51,15.81,21756.73,6066.44
2025-02-11,95950,107.96,88.43,79.48,4.54,16.02,21693.52,6068.50
2025-02-12,98007,107.94,87.23,79.31,4.62,15.89,21719.26,6051.97
2025-02-13,96802,107.31,88.68,79.67,4.52,15.10,22030.71,6115.07
2025-02-14,97489,106.71,89.15,79.76,4.47,14.77,22114.69,6114.63
2025-02-18,95828,107.05,88.10,79.69,4.55,15.35,22164.61,6129.58
2025-02-19,96801,107.17,88.21,79.75,4.53,15.27,22175.60,6144.15
2025-02-20,98433,106.37,88.54,79.80,4.50,15.66,22068.06,6117.52
2025-02-21,96345,106.61,89.61,79.65,4.42,18.21,21614.08,6013.13
2025-02-24,91901,106.60,89.87,79.75,4.40,18.98,21352.08,5983.25
2025-02-25,88923,106.31,91.42,79.95,4.30,19.43,21087.24,5955.25
2025-02-26,84470,106.42,91.96,80.06,4.25,19.10,21132.92,5956.06
2025-02-27,85021,107.24,91.31,79.91,4.29,21.13,20550.95,5861.57
2025-02-28,84672,107.61,92.43,80.13,4.24,19.63,20884.41,5954.50
2025-03-03,86475,106.75,92.57,79.59,4.16,22.78,20425.58,5849.72
2025-03-04,87472,105.74,91.43,79.58,4.22,23.51,20352.53,5778.15
2025-03-05,90848,104.30,90.70,79.62,4.28,21.93,20628.46,5842.63
2025-03-06,90120,104.06,90.40,79.32,4.29,24.87,20052.63,5738.52
2025-03-07,87014,103.84,90.11,79.45,4.32,23.37,20201.37,5770.20
2025-03-10,78734,103.97,91.05,79.15,4.22,27.86,19430.95,5614.56
2025-03-11,83142,103.29,90.40,78.87,4.28,26.92,19376.96,5572.07
2025-03-12,83856,103.61,89.86,78.96,4.32,24.23,19596.02,5599.30
2025-03-13,81289,103.83,90.65,78.52,4.27,24.66,19225.48,5521.52
2025-03-14,84207,103.72,90.17,78.88,4.31,21.77,19704.64,5638.94
2025-03-17,84240,103.37,90.62,79.07,4.31,20.51,19812.23,5675.12
2025-03-18,82942,103.24,90.71,78.93,4.29,21.70,19483.36,5614.66
2025-03-19,87029,103.43,91.18,79.45,4.25,19.90,19736.66,5675.29
2025-03-20,84296,103.85,91.24,79.34,4.24,19.80,19677.61,5662.89
2025-03-21,84144,104.09,90.70,79.22,4.25,19.28,19753.97,5667.56
2025-03-24,87614,104.26,89.77,79.45,4.34,17.48,20180.45,5767.57
2025-03-25,87641,104.18,89.76,79.41,4.31,17.15,20287.83,5776.65
2025-03-26,87089,104.55,89.17,79.09,4.35,18.33,19916.99,5712.20
2025-03-27,87317,104.33,88.91,78.94,4.38,18.69,19798.62,5693.31
2025-03-28,84573,104.04,90.14,78.80,4.27,21.65,19281.40,5580.94
2025-03-31,82673,104.21,91.03,78.89,4.23,22.28,19278.45,5611.85
2025-04-01,85197,104.26,91.49,78.69,4.17,21.77,19436.42,5633.07
2025-04-02,82493,103.81,91.43,78.85,4.20,21.51,19581.78,5670.97
2025-04-03,83191,102.07,91.85,77.87,4.06,30.02,18521.47,5396.52
2025-04-04,83841,103.02,92.85,76.76,4.01,45.31,17397.70,5074.08
2025-04-07,79181,103.26,90.05,76.10,4.15,46.98,17430.68,5062.25
2025-04-08,76332,102.96,88.35,75.75,4.26,52.33,17090.40,4982.77
2025-04-09,82542,102.90,88.87,77.78,4.34,33.62,19145.06,5456.90
2025-04-10,79553,100.87,86.42,76.51,4.40,40.72,18343.57,5268.05
2025-04-11,83372,100.10,86.89,76.74,4.48,37.56,18690.05,5363.36
2025-04-14,84544,99.64,87.51,77.12,4.38,30.89,18796.02,5405.97
2025-04-15,83667,100.21,87.82,77.33,4.35,30.12,18830.23,5396.63
2025-04-16,84021,99.38,88.31,77.32,4.29,32.64,18257.64,5275.70
2025-04-17,84827,99.38,87.53,77.77,4.34,29.65,18258.09,5282.70
2025-04-21,87473,98.28,86.00,77.31,4.42,33.82,17808.30,5158.20
2025-04-22,93303,98.92,86.48,77.61,4.41,30.57,18276.41,5287.76
2025-04-23,93639,99.84,87.32,78.00,4.40,28.45,18693.26,5375.86
2025-04-24,93940,99.38,88.24,78.70,4.32,26.47,19214.40,5484.77
2025-04-25,94702,99.47,88.89,78.77,4.29,24.84,19432.56,5525.21
2025-04-28,95046,99.01,89.45,78.81,4.23,25.15,19427.29,5528.75
2025-04-29,94451,99.24,90.20,79.02,4.19,24.17,19544.95,5560.83
2025-04-30,94309,99.47,89.47,78.60,4.17,24.70,19571.02,5569.06
2025-05-01,96467,100.25,88.69,78.30,4.25,24.60,19786.71,5604.14
2025-05-02,96887,100.03,87.73,78.54,4.33,22.68,20102.61,5686.67
2025-05-05,94990,99.83,87.24,78.51,4.36,23.64,19967.94,5650.38
2025-05-06,96933,99.24,87.53,78.45,4.30,24.76,19791.35,5606.91
2025-05-07,97119,99.61,87.90,78.52,4.26,23.55,19867.97,5631.28
2025-05-08,103250,100.64,86.92,78.50,4.37,22.48,20063.56,5663.94
2025-05-09,102940,100.34,87.05,78.55,4.37,21.90,20061.45,5659.91
2025-05-12,102860,101.79,86.24,79.33,4.45,18.39,20868.15,5844.19
2025-05-13,104160,101.00,85.89,79.47,4.49,18.22,21197.70,5886.55
2025-05-14,103550,101.04,85.32,79.18,4.53,18.62,21319.21,5892.58
2025-05-15,103700,100.88,86.07,79.33,4.45,17.83,21335.82,5916.93
2025-05-16,103450,101.09,86.30,79.42,4.43,17.24,21427.94,5958.38
2025-05-19,105500,100.43,86.05,79.38,4.46,18.14,21447.05,5963.60
2025-05-20,106710,100.12,85.43,79.34,4.48,18.09,21367.37,5940.46
2025-05-21,109630,99.56,83.97,78.81,4.58,20.87,21080.36,5844.61
2025-05-22,111640,99.96,84.41,78.97,4.54,20.28,21112.47,5842.01
2025-05-23,107210,99.11,84.55,78.95,4.51,22.29,20915.65,5802.82
2025-05-27,108850,99.52,85.73,79.43,4.43,18.96,21414.99,5921.54
2025-05-28,107760,99.88,85.36,79.38,4.47,19.31,21318.17,5888.55
2025-05-29,105580,99.28,86.15,79.50,4.43,19.18,21363.95,5912.17
2025-05-30,104030,99.33,86.28,79.57,4.41,18.57,21340.99,5911.69
2025-06-02,105880,98.71,85.16,79.18,4.46,18.36,21491.75,5935.94
2025-06-03,105400,99.23,85.01,79.33,4.46,17.69,21662.58,5970.37
2025-06-04,104580,98.79,86.39,79.48,4.37,17.61,21721.92,5970.81
2025-06-05,101670,98.74,86.45,79.31,4.40,18.48,21547.43,5939.30
2025-06-06,104450,99.19,85.35,79.30,4.51,16.77,21761.79,6000.36
2025-06-09,110300,98.94,85.44,79.34,4.49,17.16,21797.87,6005.88
2025-06-10,110180,99.10,85.88,79.53,4.47,16.95,21941.92,6038.81
2025-06-11,108610,98.63,86.14,79.51,4.41,17.26,21860.80,6022.24
2025-06-12,105780,97.92,87.17,79.60,4.36,18.02,21913.32,6045.26
2025-06-13,106090,98.18,86.33,79.36,4.41,20.82,21631.04,5976.97
2025-06-16,106800,98.00,85.46,79.52,4.46,19.11,21937.57,6033.11
2025-06-17,104770,98.82,86.50,79.43,4.39,21.60,21719.08,5982.72
2025-06-18,105040,98.90,86.65,79.55,4.38,20.14,21719.69,5980.87
2025-06-20,103380,98.71,86.49,79.80,4.38,20.62,21626.39,5967.84
2025-06-23,105520,98.42,86.77,79.95,4.34,19.83,21856.33,6025.17
2025-06-24,106040,97.86,87.40,80.17,4.30,17.48,22190.52,6092.18
2025-06-25,107340,97.68,87.51,80.15,4.29,16.76,22237.74,6092.16
2025-06-26,106950,97.15,87.95,80.38,4.26,16.59,22447.29,6141.02
2025-06-27,107100,97.40,87.39,80.34,4.29,16.32,22534.20,6173.07
2025-06-30,107250,96.88,88.25,80.65,4.24,16.73,22679.01,6204.95
2025-07-01,105920,96.82,88.14,80.17,4.26,16.83,22478.13,6198.01
2025-07-02,108980,96.78,87.58,80.32,4.30,16.64,22641.89,6227.42
2025-07-03,109760,97.18,86.97,80.37,4.35,16.38,22866.97,6279.35
2025-07-07,108420,97.48,86.14,80.10,4.40,17.79,22685.57,6229.98
2025-07-08,109060,97.52,86.03,79.99,4.42,16.81,22702.25,6225.52
2025-07-09,111380,97.56,86.93,80.21,4.34,15.94,22864.91,6263.26
2025-07-10,115950,97.65,86.99,80.13,4.35,15.78,22829.26,6280.46
2025-07-11,117410,97.85,85.79,80.03,4.43,16.40,22780.60,6259.75
2025-07-14,119840,98.08,85.61,80.09,4.43,17.20,22855.63,6268.56
2025-07-15,117830,98.62,85.01,79.85,4.50,17.38,22884.59,6243.76
2025-07-16,118710,98.39,85.13,80.06,4.46,17.16,22907.97,6263.70
2025-07-17,119250,98.73,85.11,80.14,4.47,16.52,23081.05,6297.36
2025-07-18,118000,98.48,85.24,80.25,4.44,16.41,23065.47,6296.79
2025-07-21,117460,97.85,86.00,80.36,4.38,16.65,23180.06,6305.60
2025-07-22,119970,97.39,86.52,80.50,4.35,16.50,23063.58,6309.62
2025-07-23,118900,97.21,86.04,80.54,4.40,15.37,23162.41,6358.91
2025-07-24,118380,97.38,85.89,80.44,4.43,15.39,23219.87,6363.35
2025-07-25,117700,97.64,86.43,80.49,4.40,14.93,23272.25,6388.64
2025-07-28,118180,98.63,85.87,80.45,4.42,15.03,23356.27,6389.77
2025-07-29,118110,98.89,87.32,80.50,4.34,15.98,23308.30,6370.86
2025-07-30,118050,99.82,86.87,80.33,4.38,15.48,23345.41,6362.90
2025-07-31,115970,99.97,86.92,80.38,4.37,16.72,23218.12,6339.39
2025-08-01,113500,99.14,87.82,79.98,4.23,20.38,22763.31,6238.01
2025-08-04,115200,98.78,88.06,80.25,4.22,17.52,23188.61,6329.94
2025-08-05,114200,98.78,88.33,80.21,4.22,17.85,23018.56,6299.19
2025-08-06,115160,98.18,87.82,80.29,4.22,16.77,23315.04,6345.06
2025-08-07,117580,98.40,87.67,80.21,4.23,16.57,23389.53,6340.00
2025-08-08,116790,98.18,87.29,80.22,4.27,15.15,23611.27,6389.45
2025-08-11,118850,98.52,87.39,80.22,4.27,16.25,23526.63,6373.45
2025-08-12,119617,97.80,86.95,80.40,4.29,14.73,23839.20,6445.76
2025-08-13,122805,97.80,87.67,80.61,4.24,14.49,23849.04,6466.58
2025-08-14,118039,98.21,87.02,80.40,4.29,14.83,23832.44,6468.54
2025-08-15,117290,97.86,86.40,80.46,4.33,15.09,23712.07,6449.80
2025-08-18,116145,98.12,86.15,80.40,4.34,14.99,23713.76,6449.15
2025-08-19,113452,98.28,86.65,80.38,4.30,15.57,23384.77,6411.37
2025-08-20,114223,98.27,86.84,80.35,4.29,15.69,23249.57,6395.78
2025-08-21,112257,98.65,86.41,80.20,4.33,16.60,23142.58,6370.17
2025-08-22,116987,97.73,87.05,80.85,4.26,14.22,23498.12,6466.91
2025-08-25,110088,98.25,86.80,80.69,4.28,15.37,23425.61,6439.32
2025-08-26,111262,98.27,86.75,80.87,4.26,14.62,23525.29,6465.94
2025-08-27,112174,98.20,86.65,80.97,4.24,14.85,23565.85,6481.40
2025-08-28,111967,97.89,87.22,81.01,4.22,14.43,23703.45,6501.86
2025-08-29,107757,97.80,86.60,80.86,4.23,15.36,23415.42,6460.26
2025-09-02,111346,98.33,85.63,80.39,4.28,17.17,23231.11,6415.54
2025-09-03,112165,98.13,86.57,80.61,4.22,16.35,23414.84,6448.26
2025-09-04,110347,98.29,87.23,80.83,4.17,15.30,23633.01,6502.08
2025-09-05,111575,97.75,88.56,80.87,4.10,15.18,23652.44,6481.50
2025-09-08,111948,97.45,89.74,80.87,4.05,15.11,23762.30,6495.15
2025-09-09,111132,97.80,89.23,80.78,4.08,15.04,23839.80,6512.61
2025-09-10,113729,97.83,89.74,80.84,4.04,15.35,23849.27,6532.04
2025-09-11,114317,97.52,90.34,81.04,4.01,14.71,23992.56,6587.47
2025-09-12,116260,97.64,89.95,80.96,4.06,14.76,24092.19,6584.29
2025-09-15,115264,97.35,90.16,81.19,4.05,15.69,24293.78,6615.28
2025-09-16,116905,96.65,90.35,81.13,4.04,16.36,24274.25,6606.76
2025-09-17,115793,97.06,90.12,81.05,4.06,15.72,24223.69,6600.35
2025-09-18,117678,97.39,89.19,81.23,4.11,15.70,24454.89,6631.96
2025-09-19,115433,97.67,89.02,81.26,4.14,15.45,24626.25,6664.36
2025-09-22,112642,97.33,88.70,81.32,4.15,16.10,24761.07,6693.75
2025-09-23,111850,97.25,89.32,81.26,4.12,16.64,24580.17,6656.92
2025-09-24,113489,97.87,88.98,81.15,4.16,16.18,24503.57,6637.97
2025-09-25,109133,98.45,88.98,80.92,4.18,16.74,24397.31,6604.72
2025-09-26,109235,98.17,88.90,81.08,4.20,15.29,24503.85,6643.70
2025-09-29,114364,97.96,89.63,81.22,4.15,16.12,24611.35,6661.21
2025-09-30,114370,97.82,89.37,81.19,4.16,16.28,24679.99,6688.46
2025-10-01,117416,97.76,89.29,80.96,4.12,16.29,24800.86,6711.20
2025-10-02,120529,97.86,89.55,80.93,4.10,16.63,24892.76,6715.35
2025-10-03,122499,97.71,89.38,80.84,4.13,16.65,24785.52,6715.79
2025-10-06,125271,98.11,88.67,80.86,4.18,16.37,24978.56,6740.28
2025-10-07,122178,98.63,89.18,80.77,4.14,17.24,24840.23,6714.59
2025-10-08,123517,98.86,89.25,80.65,4.13,16.30,25136.62,6753.72
2025-10-09,121031,99.38,89.18,80.42,4.14,16.43,25098.18,6735.11
2025-10-10,116894,98.95,90.62,79.95,4.05,21.66,24221.75,6552.51
2025-10-13,115610,99.28,90.57,80.45,4.05,19.03,24750.25,6654.72
2025-10-14,112800,99.10,90.86,80.54,4.03,20.81,24579.32,6644.31
2025-10-15,111244,98.70,90.66,80.80,4.05,20.64,24745.36,6671.06
2025-10-16,107817,98.36,91.34,80.51,3.99,25.31,24657.24,6629.07
2025-10-17,107087,98.48,91.20,80.72,4.02,20.78,24817.95,6664.01
2025-10-20,111062,98.60,91.55,80.88,4.00,18.23,25141.02,6735.13
2025-10-21,111084,98.97,92.00,80.76,3.98,17.87,25127.13,6735.35
2025-10-22,107915,98.90,92.06,80.68,3.97,18.60,24879.01,6699.40
2025-10-23,109920,98.95,91.43,80.86,4.01,17.30,25097.42,6738.44
2025-10-24,110735,98.91,91.47,81.08,4.02,16.37,25358.16,6791.69
2025-10-27,114691,98.80,91.78,81.28,4.01,15.79,25821.54,6875.16
2025-10-28,112954,98.72,92.02,81.20,3.99,16.42,26012.16,6890.89
2025-10-29,111264,99.17,91.09,80.95,4.08,16.92,26119.85,6890.59
2025-10-30,107256,99.51,90.56,80.80,4.11,16.91,25734.81,6822.34
2025-10-31,109486,99.75,90.29,80.80,4.11,17.44,25858.13,6840.20
2025-11-03,106829,99.89,89.74,80.14,4.13,17.17,25972.94,6851.97
2025-11-04,99171,100.20,89.94,80.15,4.10,19.00,25435.70,6771.55
2025-11-05,103667,100.15,88.96,80.23,4.17,18.01,25620.03,6796.29
2025-11-06,100901,99.72,89.76,80.26,4.11,19.50,25130.04,6720.32
2025-11-07,103407,99.55,89.57,80.33,4.11,19.08,25059.81,6728.80
2025-11-10,105552,99.60,89.55,80.60,4.13,17.60,25611.74,6832.43
2025-11-11,102490,99.46,89.96,80.69,4.13,17.28,25533.49,6846.61
2025-11-12,101819,99.52,90.12,80.53,4.08,17.51,25517.33,6850.92
2025-11-13,98539,99.18,89.38,80.20,4.11,20.00,24993.46,6737.49
2025-11-14,94706,99.28,88.87,80.22,4.14,19.83,25008.24,6734.11
2025-11-17,91633,99.53,89.09,80.09,4.13,22.38,24799.92,6672.41
2025-11-18,92661,99.60,89.06,80.11,4.12,24.69,24503.10,6617.32
2025-11-19,90199,100.17,88.88,80.15,4.13,23.66,24640.52,6642.16
2025-11-20,87263,100.25,89.23,80.10,4.10,26.42,24054.38,6538.76
2025-11-21,85194,100.19,89.50,80.37,4.06,23.43,24239.57,6602.99
2025-11-24,88885,100.21,90.01,80.59,4.04,20.52,24873.85,6705.12
2025-11-25,87090,99.81,90.24,80.87,4.01,18.56,25018.36,6765.88
2025-11-26,90246,99.59,90.64,80.95,4.00,17.19,25236.94,6812.61
2025-11-28,91186,99.46,90.21,80.99,4.02,16.35,25434.89,6849.09
2025-12-01,86378,99.40,88.77,80.47,4.09,17.24,25342.85,6812.63
2025-12-02,91490,99.35,88.81,80.62,4.09,16.59,25555.86,6829.37
2025-12-03,93444,98.89,89.06,80.69,4.06,16.08,25606.54,6849.72
2025-12-04,92345,99.07,88.58,80.75,4.11,15.78,25581.70,6857.12
2025-12-05,89274,98.98,88.17,80.75,4.14,15.41,25692.05,6870.40
2025-12-08,91108,99.11,87.88,80.55,4.17,16.66,25627.95,6846.51
2025-12-09,92947,99.24,87.97,80.46,4.18,16.93,25668.69,6840.51
2025-12-10,92642,98.67,88.31,80.73,4.13,15.77,25776.44,6886.68
2025-12-11,93155,98.33,88.19,80.72,4.14,14.85,25686.69,6901.00
2025-12-12,90283,98.40,87.34,80.57,4.19,15.74,25196.73,6827.41
2025-12-15,86146,98.28,87.40,80.61,4.18,16.50,25067.27,6816.51
2025-12-16,87835,98.21,87.88,80.66,4.15,16.48,25132.94,6800.26
2025-12-17,85725,98.39,87.80,80.56,4.16,17.62,24647.61,6721.43
2025-12-18,85353,98.44,88.22,80.78,4.12,16.87,25019.37,6774.76
2025-12-19,87980,98.71,87.55,80.36,4.16,14.91,25346.18,6834.50
2025-12-22,88513,98.26,87.36,80.43,4.17,14.08,25461.70,6878.49
2025-12-23,87662,97.92,87.50,80.49,4.18,14.00,25587.83,6909.79
2025-12-24,87702,97.98,88.03,80.64,4.15,13.47,25656.15,6932.05
2025-12-26,87472,98.05,87.74,80.60,4.14,13.60,25644.39,6929.94
2025-12-29,87191,98.00,88.07,80.63,4.12,14.20,25525.56,6905.74
2025-12-30,88168,98.23,87.86,80.71,4.14,14.33,25462.56,6896.24
2025-12-31,87685,98.27,87.16,80.63,4.18,14.95,25249.85,6845.50
2026-01-02,89869,98.42,87.03,80.67,4.19,14.51,25206.17,6858.47
2026-01-05,94093,98.31,87.46,80.88,4.17,14.90,25401.32,6902.05
2026-01-06,93475,98.61,87.28,80.90,4.18,14.75,25639.71,6944.82
2026-01-07,90977,98.74,87.79,80.88,4.15,15.38,25653.90,6920.93
2026-01-08,91203,98.90,87.35,80.94,4.19,15.45,25507.10,6921.46
2026-01-09,90364,99.15,87.93,81.00,4.18,14.49,25766.26,6966.28
2026-01-12,91276,98.89,87.67,81.04,4.19,15.12,25787.66,6977.27
2026-01-13,94225,99.16,87.82,81.04,4.18,15.98,25741.95,6963.74
2026-01-14,97634,99.09,88.33,81.04,4.15,16.75,25465.94,6926.60
2026-01-15,95432,99.35,88.31,81.04,4.17,15.84,25547.07,6944.47
2026-01-16,95504,99.36,87.80,81.09,4.24,15.86,25529.26,6940.01
2026-01-20,89422,98.56,86.65,80.88,4.30,20.09,24987.57,6796.86
2026-01-21,90109,98.78,87.31,81.12,4.26,16.90,25326.58,6875.62
2026-01-22,89419,98.28,87.69,81.18,4.26,15.64,25518.35,6913.35
2026-01-23,89405,97.44,87.93,81.14,4.24,16.09,25605.47,6915.61
2026-01-26,87889,97.08,88.35,81.18,4.22,16.15,25713.21,6950.23
2026-01-27,89087,95.81,87.80,81.17,4.24,16.35,25939.74,6978.60
2026-01-28,89202,96.40,87.60,81.04,4.26,16.35,26022.79,6978.03
2026-01-29,84313,96.18,87.62,81.03,4.24,16.88,25884.29,6969.01
2026-01-30,83941,97.14,87.13,81.10,4.26,17.01,25552.39,6939.03
2026-02-02,78439,97.58,86.55,80.77,4.29,16.34,25738.61,6976.44
2026-02-03,76186,97.35,86.76,80.72,4.28,18.00,25338.62,6917.81
2026-02-04,73120,97.65,86.54,80.62,4.29,18.64,24891.24,6882.72
2026-02-05,63710,97.95,87.48,80.53,4.21,21.77,24548.69,6798.40
2026-02-06,70235,97.61,87.54,80.81,4.22,17.76,25075.77,6932.30
2026-02-09,69951,96.87,87.52,80.92,4.22,17.36,25268.14,6964.82
2026-02-10,68464,96.86,88.53,80.84,4.16,17.79,25127.64,6941.81
2026-02-11,68143,96.92,88.06,80.83,4.18,17.65,25201.26,6941.47
2026-02-12,65746,96.92,89.23,80.79,4.09,20.82,24687.61,6832.76
2026-02-13,68837,96.86,89.72,80.85,4.04,20.60,24732.73,6836.17
2026-02-17,67510,97.14,89.87,80.81,4.05,20.29,24701.60,6843.22
2026-02-18,66403,97.72,89.53,80.91,4.09,19.62,24898.87,6881.31
2026-02-19,67033,97.84,89.62,80.94,4.08,20.23,24797.34,6861.89
2026-02-20,67791,97.73,89.41,81.00,4.08,19.09,25012.62,6909.51
2026-02-23,64592,97.73,89.74,80.87,4.03,21.01,24708.94,6837.75
2026-02-24,64033,97.88,89.90,80.81,4.04,19.55,24977.04,6890.07
2026-02-25,69512,97.68,89.91,80.92,4.05,17.93,25329.04,6946.13
2026-02-26,67396,97.77,90.27,80.85,4.02,18.63,25034.37,6908.86
2026-02-27,65628,97.64,90.82,80.72,3.97,19.86,24960.04,6878.88
2026-03-02,69439,98.53,89.61,80.28,4.05,21.44,24992.60,6881.62
2026-03-03,67922,99.04,89.43,80.12,4.06,23.57,24720.08,6816.63
2026-03-04,73323,98.78,89.15,80.40,4.09,21.15,25093.68,6869.50
2026-03-05,71143,99.06,88.79,80.08,4.13,23.75,25020.41,6830.71
2026-03-06,68153,98.90,88.46,79.69,4.15,29.49,24643.02,6740.02
2026-03-09,68887,98.86,89.23,80.17,4.12,25.50,24967.25,6795.99
2026-03-10,70312,98.91,88.28,80.04,4.15,24.93,24956.47,6781.48
2026-03-11,69437,99.23,87.14,79.86,4.15,24.23,24965.01,6775.80
